Kata,Score,Avg Score,Won?,Karateka,Round #,Tournament
Papuren,40.7,8.14,FALSE,Ortiz Aquino Jefferson,rr,2024 Paris
Gojushiho Sho,42.4,8.48,TRUE,Enes Ozdemir,rr,2024 Paris
Ohan,43.5,8.7,TRUE,Sakichi Abe,rr,2024 Paris
Papuren,38.6,7.72,FALSE,Dyun Kimura,rr,2024 Paris
Unsu,42.8,8.56,TRUE,Enes Ozdemir,rr,2024 Paris
Ohan Dai,42,8.4,FALSE,Sakichi Abe,rr,2024 Paris
Anan Dai,40.8,8.16,TRUE,Ortiz Aquino Jefferson,rr,2024 Paris
Ohan Dai,39.4,7.88,FALSE,Dyun Kimura,rr,2024 Paris
Ohan Dai,40.9,8.18,FALSE,Ortiz Aquino Jefferson,rr,2024 Paris
Anan Dai,43.3,8.66,TRUE,Sakichi Abe,rr,2024 Paris
Gojushiho Dai,42.1,8.42,TRUE,Enes Ozdemir,rr,2024 Paris
Anan,38.8,7.76,FALSE,Dyun Kimura,rr,2024 Paris
Gojushiho Sho,40.6,8.12,FALSE,Mohammad Hussain,rr,2024 Paris
Gojushiho Sho,41.4,8.28,TRUE,Alessandro Iodice,rr,2024 Paris
Chatanyara,38.6,7.72,FALSE,James Harrison,rr,2024 Paris
Ohan,42.4,8.48,TRUE,Ariel Torres,rr,2024 Paris
Enpi,40.3,8.06,TRUE,Alessandro Iodice,rr,2024 Paris
Papuren,38.9,7.78,FALSE,James Harrison,rr,2024 Paris
Gojushiho Dai,39.2,7.84,FALSE,Mohammad Hussain,rr,2024 Paris
Kururunfa,41.8,8.36,TRUE,Ariel Torres,rr,2024 Paris
Unsu,39.6,7.92,TRUE,Mohammad Hussain,rr,2024 Paris
Suparinpei,38,7.6,FALSE,James Harrison,rr,2024 Paris
Unsu,41.5,8.3,FALSE,Alessandro Iodice,rr,2024 Paris
Ohan Dai,43.2,8.64,TRUE,Ariel Torres,rr,2024 Paris
Gojushiho Dai,40.5,8.1,FALSE,Almosawi Sayed Mohammed,rr,2024 Paris
Ohan,41.3,8.26,TRUE,Howard Hung Ho Wai,rr,2024 Paris
Anan Dai,41.7,8.34,TRUE,Ryonosuke Kikuchi,rr,2024 Paris
Unsu,38.8,7.76,FALSE,Zaresta Yuda Ahmad Zigi,rr,2024 Paris
Chibana,40.9,8.18,FALSE,Howard Hung Ho Wai,rr,2024 Paris
Ohan Dai,41.4,8.28,TRUE,Ryonosuke Kikuchi,rr,2024 Paris
Unsu,40.6,8.12,TRUE,Almosawi Sayed Mohammed,rr,2024 Paris
Gankaku,39.9,7.98,FALSE,Zaresta Yuda Ahmad Zigi,rr,2024 Paris
Gojushiho Sho,41,8.2,FALSE,Almosawi Sayed Mohammed,rr,2024 Paris
Anan,42.3,8.46,TRUE,Ryonosuke Kikuchi,rr,2024 Paris
Ohan Dai,41.6,8.32,TRUE,Howard Hung Ho Wai,rr,2024 Paris
Sochin,39.8,7.96,FALSE,Zaresta Yuda Ahmad Zigi,rr,2024 Paris
Gojushiho Sho,42.5,8.5,TRUE,Ryuji Moto,rr,2024 Paris
Gojushiho Sho,39.2,7.84,FALSE,Saber Benmekhlouf,rr,2024 Paris
Papuren,40.1,8.02,FALSE,Yuki Ujihara,rr,2024 Paris
Kururunfa,42.4,8.48,TRUE,Damian Quintero,rr,2024 Paris
Unsu,39.8,7.96,FALSE,Saber Benmekhlouf,rr,2024 Paris
Kururunfa,40.7,8.14,TRUE,Yuki Ujihara,rr,2024 Paris
Sochin,43.4,8.68,TRUE,Ryuji Moto,rr,2024 Paris
Anan Dai,42.8,8.56,FALSE,Damian Quintero,rr,2024 Paris
Enpi,42.5,8.5,TRUE,Ryuji Moto,rr,2024 Paris
Suparinpei,40.9,8.18,FALSE,Yuki Ujihara,rr,2024 Paris
Gojushiho Dai,40.3,8.06,FALSE,Saber Benmekhlouf,rr,2024 Paris
Pachu,42.1,8.42,TRUE,Damian Quintero,rr,2024 Paris
Chibana,41,8.2,FALSE,Martin Romero Raul,rr,2024 Paris
Gojushiho Dai,42.6,8.52,TRUE,Kazumasa Moto,rr,2024 Paris
Gojushiho Sho,40.4,8.08,TRUE,Alessio Ghinami,rr,2024 Paris
Suparinpei,38.3,7.66,FALSE,Roman Hrcka,rr,2024 Paris
Unsu,42.3,8.46,TRUE,Kazumasa Moto,rr,2024 Paris
Gojushiho Dai,40.5,8.1,FALSE,Alessio Ghinami,rr,2024 Paris
Ohan Dai,40.5,8.1,TRUE,Martin Romero Raul,rr,2024 Paris
Papuren,39.1,7.82,FALSE,Roman Hrcka,rr,2024 Paris
Chatanyara,41.9,8.38,TRUE,Martin Romero Raul,rr,2024 Paris
Unsu,40.6,8.12,FALSE,Alessio Ghinami,rr,2024 Paris
Sochin,42,8.4,TRUE,Kazumasa Moto,rr,2024 Paris
Chibana,39.2,7.84,FALSE,Roman Hrcka,rr,2024 Paris
Kanku Sho,38.3,7.66,FALSE,Abu Wahib Jonas,rr,2024 Paris
Gojushiho Sho,38.7,7.74,TRUE,Franck Ngoan,rr,2024 Paris
Chatanyara,40,8,FALSE,Taishi Tozaki,rr,2024 Paris
Gojushiho Dai,42.2,8.44,TRUE,Ali Sofuoglu,rr,2024 Paris
Unsu,40.5,8.1,TRUE,Franck Ngoan,rr,2024 Paris
Anan Dai,40.4,8.08,FALSE,Taishi Tozaki,rr,2024 Paris
Unsu,38.9,7.78,FALSE,Abu Wahib Jonas,rr,2024 Paris
Sochin,41.3,8.26,TRUE,Ali Sofuoglu,rr,2024 Paris
Gojushiho Dai,40.2,8.04,FALSE,Abu Wahib Jonas,rr,2024 Paris
Anan,41.9,8.38,TRUE,Taishi Tozaki,rr,2024 Paris
Kanku Sho,40.5,8.1,FALSE,Franck Ngoan,rr,2024 Paris
Unsu,41.6,8.32,TRUE,Ali Sofuoglu,rr,2024 Paris
Gojushiho Sho,38.7,7.74,FALSE,Petru Comanescu,rr,2024 Paris
Papuren,39.4,7.88,TRUE,Botond Nagy,rr,2024 Paris
Unsu,40.3,8.06,TRUE,Almosawi Sayed Salman,rr,2024 Paris
Anan Dai,40.2,8.04,FALSE,Mattia Busato,rr,2024 Paris
Anan Dai,39.8,7.96,TRUE,Botond Nagy,rr,2024 Paris
Gojushiho Dai,39.6,7.92,FALSE,Almosawi Sayed Salman,rr,2024 Paris
Unsu,39.2,7.84,FALSE,Petru Comanescu,rr,2024 Paris
Unsu,40.9,8.18,TRUE,Mattia Busato,rr,2024 Paris
Kanku Sho,38.5,7.7,FALSE,Petru Comanescu,rr,2024 Paris
Kanku Sho,39.4,7.88,TRUE,Almosawi Sayed Salman,rr,2024 Paris
Ohan Dai,38.1,7.62,FALSE,Botond Nagy,rr,2024 Paris
Gojushiho Dai,42,8.4,TRUE,Mattia Busato,rr,2024 Paris
Suparinpei,39.4,7.88,TRUE,Gakuji Tozaki,rr,2024 Paris
Gojushiho Sho,38.6,7.72,FALSE,Kutluhan Duran,rr,2024 Paris
Kyan No Chinto,39.1,7.82,FALSE,Casanova Guerrero Cleiver,rr,2024 Paris
Kururunfa,41.6,8.32,TRUE,Kakeru Nishiyama,rr,2024 Paris
Gojushiho Dai,38.9,7.78,TRUE,Kutluhan Duran,rr,2024 Paris
Unsu,37.6,7.52,FALSE,Casanova Guerrero Cleiver,rr,2024 Paris
Anan,39.7,7.94,FALSE,Gakuji Tozaki,rr,2024 Paris
Chibana,41.8,8.36,TRUE,Kakeru Nishiyama,rr,2024 Paris
Anan Dai,41.7,8.34,TRUE,Gakuji Tozaki,rr,2024 Paris
Gankaku,40,8,FALSE,Casanova Guerrero Cleiver,rr,2024 Paris
Unsu,39.7,7.94,FALSE,Kutluhan Duran,rr,2024 Paris
Shisochin,41.8,8.36,TRUE,Kakeru Nishiyama,rr,2024 Paris
Kanku Sho,43.1,8.62,FALSE,Enes Ozdemir,r1,2024 Paris
Anan,43.6,8.72,TRUE,Ariel Torres,r1,2024 Paris
Suparinpei,42.3,8.46,FALSE,Ryonosuke Kikuchi,r1,2024 Paris
Jitte,43.1,8.62,TRUE,Ryuji Moto,r1,2024 Paris
Gojushiho Sho,43.1,8.62,FALSE,Kazumasa Moto,r1,2024 Paris
Gojushiho Sho,43.9,8.78,TRUE,Ali Sofuoglu,r1,2024 Paris
Gankaku,42.5,8.5,FALSE,Mattia Busato,r1,2024 Paris
Papuren,44.7,8.94,TRUE,Kakeru Nishiyama,r1,2024 Paris
Anan Dai,43.3,8.66,FALSE,Ariel Torres,r2,2024 Paris
Unsu,43.5,8.7,TRUE,Ryuji Moto,r2,2024 Paris
Kanku Sho,43.5,8.7,FALSE,Ali Sofuoglu,r2,2024 Paris
Suparinpei,44.2,8.84,TRUE,Kakeru Nishiyama,r2,2024 Paris
Sochin,43.6,8.72,FALSE,Ryuji Moto,r3,2024 Paris
Papuren,45.1,9.02,TRUE,Kakeru Nishiyama,r3,2024 Paris
Papuren,43.1,8.62,FALSE,Ryonosuke Kikuchi,rpc,2024 Paris
Anan,44.2,8.84,TRUE,Ariel Torres,rpc,2024 Paris
Gojushiho Dai,43.4,8.68,FALSE,Mattia Busato,rpc,2024 Paris
Gojushiho Sho,44.9,8.98,TRUE,Ali Sofuoglu,rpc,2024 Paris
Gojushiho Sho,40.9,8.18,TRUE,Almosawi Sayed Salman,rr,2024 Antalya
Papuren,39,7.8,FALSE,Adam Bardos,rr,2024 Antalya
Unsu,42,8.4,FALSE,Enes Ozdemir,rr,2024 Antalya
Sochin,42.9,8.58,TRUE,Ryuji Moto,rr,2024 Antalya
Ohan Dai,40.3,8.06,FALSE,Adam Bardos,rr,2024 Antalya
Sochin,41.7,8.34,TRUE,Enes Ozdemir,rr,2024 Antalya
Unsu,41.1,8.22,FALSE,Almosawi Sayed Salman,rr,2024 Antalya
Unsu,41.2,8.24,TRUE,Ryuji Moto,rr,2024 Antalya
Kanku Sho,41.6,8.32,FALSE,Almosawi Sayed Salman,rr,2024 Antalya
Gojushiho Sho,42.8,8.56,TRUE,Enes Ozdemir,rr,2024 Antalya
Suparinpei,40.7,8.14,TRUE,Adam Bardos,rr,2024 Antalya
Enpi,40.2,8.04,FALSE,Ryuji Moto,rr,2024 Antalya
Seipai,39.8,7.96,FALSE,Yuki Ujihara,rr,2024 Antalya
Ohan,42.3,8.46,TRUE,Sakichi Abe,rr,2024 Antalya
Suparinpei,40.8,8.16,FALSE,Yuki Ujihara,rr,2024 Antalya
Gojushiho Sho,42.5,8.5,TRUE,Ali Sofuoglu,rr,2024 Antalya
Ohan Dai,42.4,8.48,TRUE,Sakichi Abe,rr,2024 Antalya
Gojushiho Dai,42.3,8.46,FALSE,Ali Sofuoglu,rr,2024 Antalya
Gojushiho Dai,40.4,8.08,TRUE,Almosawi Sayed Mohammed,rr,2024 Antalya
Papuren,39.6,7.92,FALSE,Roman Hrcka,rr,2024 Antalya
Unsu,40.2,8.04,FALSE,Kutluhan Duran,rr,2024 Antalya
Ohan,41.7,8.34,TRUE,Ryusei Ikeda,rr,2024 Antalya
Ohan Dai,39.6,7.92,FALSE,Roman Hrcka,rr,2024 Antalya
Gojushiho Sho,40.1,8.02,TRUE,Kutluhan Duran,rr,2024 Antalya
Gojushiho Sho,40.7,8.14,FALSE,Almosawi Sayed Mohammed,rr,2024 Antalya
Anan Dai,41.4,8.28,TRUE,Ryusei Ikeda,rr,2024 Antalya
Unu,40.6,8.12,TRUE,Almosawi Sayed Mohammed,rr,2024 Antalya
Kanku Sho,40.2,8.04,FALSE,Kutluhan Duran,rr,2024 Antalya
Ohan,39.9,7.98,FALSE,Roman Hrcka,rr,2024 Antalya
Anan,41.8,8.36,TRUE,Ryusei Ikeda,rr,2024 Antalya
Gojushiho Sho,40.4,8.08,TRUE,Furkan Kaynar,rr,2024 Antalya
Anan Dai,38.5,7.7,FALSE,Matthew Gruitia,rr,2024 Antalya
Unsu,40.4,8.08,FALSE,Furkan Kaynar,rr,2024 Antalya
Kururunfa,41.6,8.32,TRUE,Ariel Torres,rr,2024 Antalya
Kururunfa,39.2,7.84,FALSE,Matthew Gruitia,rr,2024 Antalya
Ohan,41.4,8.28,TRUE,Ariel Torres,rr,2024 Antalya
Ohan Dai,38.5,7.7,FALSE,James Harrison,rr,2024 Antalya
Gojushiho Sho,39.8,7.96,TRUE,Mohammad Hussain,rr,2024 Antalya
Shishochin,41.9,8.38,TRUE,Ryonosuke Kikuchi,rr,2024 Antalya
Kanku Sho,37.6,7.52,FALSE,Omar Diop,rr,2024 Antalya
Unsu,40.5,8.1,FALSE,Mohammad Hussain,rr,2024 Antalya
Anan Dai,42.4,8.48,TRUE,Ryonosuke Kikuchi,rr,2024 Antalya
Papuren,39.6,7.92,TRUE,James Harrison,rr,2024 Antalya
Gojushiho Sho,37.2,7.44,FALSE,Omar Diop,rr,2024 Antalya
Kururunfa,39.6,7.92,FALSE,James Harrison,rr,2024 Antalya
Ohan Dai,42.1,8.42,TRUE,Ryonosuke Kikuchi,rr,2024 Antalya
Gojushiho Dai,40.9,8.18,TRUE,Mohammad Hussain,rr,2024 Antalya
Unsu,37.5,7.5,FALSE,Omar Diop,rr,2024 Antalya
Gojushiho Sho,41,8.2,TRUE,Alessandro Iodice,rr,2024 Antalya
Unsu,40,8,FALSE,Petru Comanescu,rr,2024 Antalya
Unsu,41.4,8.28,FALSE,Alessandro Iodice,rr,2024 Antalya
Sochin,42.8,8.56,TRUE,Kazumasa Moto,rr,2024 Antalya
Sansai,38.2,7.64,FALSE,Petru Comanescu,rr,2024 Antalya
Gojushiho Dai,42,8.4,TRUE,Kazumasa Moto,rr,2024 Antalya
Papuren,38.9,7.78,FALSE,Dyun Kimura,rr,2024 Antalya
Chibana,39.9,7.98,TRUE,Howard Hung Ho Wai,rr,2024 Antalya
Ohan Dai,39.7,7.94,FALSE,Botond Nagy,rr,2024 Antalya
Gojushiho Sho,41.2,8.24,TRUE,Alessio Ghinami,rr,2024 Antalya
Ohan,40,8,TRUE,Howard Hung Ho Wai,rr,2024 Antalya
Anan Dai,39.4,7.88,FALSE,Botond Nagy,rr,2024 Antalya
Ohan Dai,38.8,7.76,FALSE,Dyun Kimura,rr,2024 Antalya
Unsu,41,8.2,TRUE,Alessio Ghinami,rr,2024 Antalya
Anan Dai,38.2,7.64,FALSE,Dyun Kimura,rr,2024 Antalya
Paiku,39.5,7.9,TRUE,Botond Nagy,rr,2024 Antalya
Ohan Dai,39.7,7.94,FALSE,Howard Hung Ho Wai,rr,2024 Antalya
Gojushiho Dai,41.2,8.24,TRUE,Alessio Ghinami,rr,2024 Antalya
Gojushiho Sho,38.6,7.72,FALSE,Roman Heydarov,rr,2024 Antalya
Gojushiho Sho,39.8,7.96,TRUE,Gianluca Gallo,rr,2024 Antalya
Sochin,38.8,7.76,FALSE,Roman Heydarov,rr,2024 Antalya
Shishochin,40.9,8.18,TRUE,Kakeru Nishiyama,rr,2024 Antalya
Gojushiho Dai,39.9,7.98,FALSE,Gianluca Gallo,rr,2024 Antalya
Kururunfa,41.9,8.38,TRUE,Kakeru Nishiyama,rr,2024 Antalya
Jitte,40.8,8.16,FALSE,Ryuji Moto,r1,2024 Antalya
Anan Dai,44,8.8,TRUE,Sakichi Abe,r1,2024 Antalya
Ohan Dai,42.3,8.46,FALSE,Ryusei Ikeda,r1,2024 Antalya
Ohan Dai,43.2,8.64,TRUE,Ariel Torres,r1,2024 Antalya
Papuren,42.8,8.56,FALSE,Ryonosuke Kikuchi,r1,2024 Antalya
Gojushiho Sho,43.4,8.68,TRUE,Kazumasa Moto,r1,2024 Antalya
Gankaku,42.2,8.44,FALSE,Alessio Ghinami,r1,2024 Antalya
Papuren,43.7,8.74,TRUE,Kakeru Nishiyama,r1,2024 Antalya
Suparinpei,42.6,8.52,FALSE,Sakichi Abe,r2,2024 Antalya
Anan,43,8.6,TRUE,Ariel Torres,r2,2024 Antalya
Gankaku,41.8,8.36,FALSE,Kazumasa Moto,r2,2024 Antalya
Suparinpei,43.5,8.7,TRUE,Kakeru Nishiyama,r2,2024 Antalya
Anan Dai,43.7,8.74,FALSE,Ariel Torres,r3,2024 Antalya
Chibana,45.7,9.14,TRUE,Kakeru Nishiyama,r3,2024 Antalya
Suparinpei,42.2,8.44,FALSE,Ryusei Ikeda,rpc,2024 Antalya
Anan,43.6,8.72,TRUE,Sakichi Abe,rpc,2024 Antalya
Kanku Sho,42.2,8.44,TRUE,Alessio Ghinami,rpc,2024 Antalya
Unsu,42.2,8.44,FALSE,Kazumasa Moto,rpc,2024 Antalya
Kururunfa,40.6,8.12,FALSE,Yuki Ujihara,rr,2024 Cairo
Unsu,40.6,8.12,TRUE,Franck Ngoan,rr,2024 Cairo
Anan,41.3,8.26,FALSE,Gakuji Tozaki,rr,2024 Cairo
Sochin,41.6,8.32,TRUE,Ryuji Moto,rr,2024 Cairo
Gojushiho Sho,39.9,7.98,FALSE,Franck Ngoan,rr,2024 Cairo
Suparinpei,40.7,8.14,TRUE,Gakuji Tozaki,rr,2024 Cairo
Suparinpei,39.4,7.88,FALSE,Yuki Ujihara,rr,2024 Cairo
Enpi,40.7,8.14,TRUE,Ryuji Moto,rr,2024 Cairo
Papuren,40.1,8.02,FALSE,Yuki Ujihara,rr,2024 Cairo
Ohan Dai,41.5,8.3,TRUE,Gakuji Tozaki,rr,2024 Cairo
Sochin,39.4,7.88,FALSE,Franck Ngoan,rr,2024 Cairo
Gojushiho Sho,41.2,8.24,TRUE,Ryuji Moto,rr,2024 Cairo
Ohan Dai,40.6,8.12,TRUE,Ryonosuke Kikuchi,rr,2024 Cairo
Anan Dai,39.3,7.86,FALSE,Yaroslav Fedorov,rr,2024 Cairo
Papuren,40.3,8.06,FALSE,Rey Chinen,rr,2024 Cairo
Sochin,41.2,8.24,TRUE,Ali Sofuoglu,rr,2024 Cairo
Ohan Dai,39.7,7.94,FALSE,Yaroslav Fedorov,rr,2024 Cairo
Anan Dai,40.1,8.02,TRUE,Rey Chinen,rr,2024 Cairo
Anan,41.2,8.24,FALSE,Ryonosuke Kikuchi,rr,2024 Cairo
Gojushiho Dai,42.1,8.42,TRUE,Ali Sofuoglu,rr,2024 Cairo
Sochin,41,8.2,FALSE,Ryonosuke Kikuchi,rr,2024 Cairo
Suparinpei,41.3,8.26,TRUE,Rey Chinen,rr,2024 Cairo
Anan,39.6,7.92,FALSE,Yaroslav Fedorov,rr,2024 Cairo
Nijushiho,41.5,8.3,TRUE,Ali Sofuoglu,rr,2024 Cairo
Ohan,38.5,7.7,TRUE,Manuel Grazia,rr,2024 Cairo
Kanku Sho,37.8,7.56,FALSE,Abu Alhaija Kareem,rr,2024 Cairo
Papuren,40,8,FALSE,Yuki Sato,rr,2024 Cairo
Gojushiho Dai,40.5,8.1,TRUE,Enes Ozdemir,rr,2024 Cairo
Gojushiho Sho,37.7,7.54,FALSE,Abu Alhaija Kareem,rr,2024 Cairo
Anan,40.2,8.04,TRUE,Yuki Sato,rr,2024 Cairo
Anan Dai,39,7.8,FALSE,Manuel Grazia,rr,2024 Cairo
Gojushiho Sho,41.5,8.3,TRUE,Enes Ozdemir,rr,2024 Cairo
Ohan Dai,38.8,7.76,FALSE,Manuel Grazia,rr,2024 Cairo
Suparinpei,40.6,8.12,TRUE,Yuki Sato,rr,2024 Cairo
Unsu,36.6,7.32,FALSE,Abu Alhaija Kareem,rr,2024 Cairo
Sochin,41.3,8.26,TRUE,Enes Ozdemir,rr,2024 Cairo
Gojushiho Dai,39.5,7.9,TRUE,Giuseppe Panagia,rr,2024 Cairo
Paiku,38.8,7.76,FALSE,Botond Nagy,rr,2024 Cairo
Papuren,41.2,8.24,FALSE,Yasuhiro Machida,rr,2024 Cairo
Ohan Dai,41.9,8.38,TRUE,Ariel Torres,rr,2024 Cairo
Ohan Dai,38.5,7.7,FALSE,Botond Nagy,rr,2024 Cairo
Suparinpei,41.3,8.26,TRUE,Yasuhiro Machida,rr,2024 Cairo
Gankaku,38.9,7.78,FALSE,Giuseppe Panagia,rr,2024 Cairo
Kururunfa,42,8.4,TRUE,Ariel Torres,rr,2024 Cairo
Gojushiho Sho,38.7,7.74,FALSE,Giuseppe Panagia,rr,2024 Cairo
Anan Dai,40.7,8.14,TRUE,Yasuhiro Machida,rr,2024 Cairo
Anan Dai,40,8,FALSE,Botond Nagy,rr,2024 Cairo
Ohan,42,8.4,TRUE,Ariel Torres,rr,2024 Cairo
Gojushiho Sho,39.8,7.96,FALSE,Gianluca Gallo,rr,2024 Cairo
Ohan,40.3,8.06,TRUE,Howard Hung Ho Wai,rr,2024 Cairo
Papuren,40.8,8.16,TRUE,Aoi Funada,rr,2024 Cairo
Anan,37.9,7.58,FALSE,Adam Bardos,rr,2024 Cairo
Chibana,39.8,7.96,FALSE,Howard Hung Ho Wai,rr,2024 Cairo
Unsu,41.5,8.3,TRUE,Aoi Funada,rr,2024 Cairo
Gojushiho Dai,39.4,7.88,TRUE,Gianluca Gallo,rr,2024 Cairo
Ohan Dai,38.6,7.72,FALSE,Adam Bardos,rr,2024 Cairo
Kanku Sho,37.9,7.58,FALSE,Gianluca Gallo,rr,2024 Cairo
Suparinpei,41.3,8.26,TRUE,Aoi Funada,rr,2024 Cairo
Ohan Dai,39.7,7.94,TRUE,Howard Hung Ho Wai,rr,2024 Cairo
Suparinpei,38.3,7.66,FALSE,Adam Bardos,rr,2024 Cairo
Unsu,39.6,7.92,FALSE,Petru Comanescu,rr,2024 Cairo
Gojushiho Dai,39.8,7.96,TRUE,Mohammad Hussain,rr,2024 Cairo
Ohan,38.7,7.74,FALSE,Roman Hrcka,rr,2024 Cairo
Sochin,41.8,8.36,TRUE,Kazumasa Moto,rr,2024 Cairo
Unsu,39.7,7.94,TRUE,Mohammad Hussain,rr,2024 Cairo
Nipaipo,39.6,7.92,FALSE,Roman Hrcka,rr,2024 Cairo
Gojushiho Sho,40.1,8.02,FALSE,Petru Comanescu,rr,2024 Cairo
Enpi,41.9,8.38,TRUE,Kazumasa Moto,rr,2024 Cairo
Kanku Sho,40.3,8.06,TRUE,Petru Comanescu,rr,2024 Cairo
Papuren,39.8,7.96,FALSE,Roman Hrcka,rr,2024 Cairo
Gojushiho Sho,40.8,8.16,FALSE,Mohammad Hussain,rr,2024 Cairo
Gojushiho Dai,41.4,8.28,TRUE,Kazumasa Moto,rr,2024 Cairo
Gojushiho Sho,40.1,8.02,FALSE,Guido Polsinelli,rr,2024 Cairo
Ohan,41.9,8.38,TRUE,Ryusei Ikeda,rr,2024 Cairo
Gojushiho Sho,39.8,7.96,FALSE,Almosawi Sayed Salman,rr,2024 Cairo
Anan,42.3,8.46,TRUE,Sakichi Abe,rr,2024 Cairo
Anan Dai,41.9,8.38,TRUE,Ryusei Ikeda,rr,2024 Cairo
Kanku Sho,40.1,8.02,FALSE,Almosawi Sayed Salman,rr,2024 Cairo
Unsu,40.2,8.04,FALSE,Guido Polsinelli,rr,2024 Cairo
Suparinpei,42.6,8.52,TRUE,Sakichi Abe,rr,2024 Cairo
Sansai,39.4,7.88,FALSE,Guido Polsinelli,rr,2024 Cairo
Unsu,40.3,8.06,TRUE,Almosawi Sayed Salman,rr,2024 Cairo
Ohan Dai,41.4,8.28,FALSE,Ryusei Ikeda,rr,2024 Cairo
Ohan,42.5,8.5,TRUE,Sakichi Abe,rr,2024 Cairo
Kanku Sho,41.1,8.22,TRUE,Alessio Ghinami,rr,2024 Cairo
Unsu,39.6,7.92,FALSE,Almosawi Sayed Mohammed,rr,2024 Cairo
Kanku Sho,41.2,8.24,FALSE,Alessio Ghinami,rr,2024 Cairo
Shisochin,43,8.6,TRUE,Kakeru Nishiyama,rr,2024 Cairo
Kanku Sho,39.2,7.84,FALSE,Almosawi Sayed Mohammed,rr,2024 Cairo
Seisan,42.8,8.56,TRUE,Kakeru Nishiyama,rr,2024 Cairo
Unsu,42,8.4,FALSE,Ryuji Moto,r1,2024 Cairo
Kanku Sho,42.5,8.5,TRUE,Ali Sofuoglu,r1,2024 Cairo
Unsu,42.4,8.48,FALSE,Enes Ozdemir,r1,2024 Cairo
Anan,42.9,8.58,TRUE,Ariel Torres,r1,2024 Cairo
Chatanyara,42.5,8.5,TRUE,Aoi Funada,r1,2024 Cairo
Unsu,41.9,8.38,FALSE,Kazumasa Moto,r1,2024 Cairo
Anan Dai,42.3,8.46,FALSE,Sakichi Abe,r1,2024 Cairo
Papuren,44.5,8.9,TRUE,Kakeru Nishiyama,r1,2024 Cairo
Gojushiho Sho,43.5,8.7,TRUE,Ali Sofuoglu,r2,2024 Cairo
Anan Dai,43,8.6,FALSE,Ariel Torres,r2,2024 Cairo
Chibana,42.5,8.5,FALSE,Aoi Funada,r2,2024 Cairo
Suparinpei,43.4,8.68,TRUE,Kakeru Nishiyama,r2,2024 Cairo
Gojushiho Dai,43.6,8.72,FALSE,Ali Sofuoglu,r3,2024 Cairo
Chibana,45.3,9.06,TRUE,Kakeru Nishiyama,r3,2024 Cairo
Jitte,42.4,8.48,FALSE,Ryuji Moto,rpc,2024 Cairo
Ohan Dai,44.4,8.88,TRUE,Ariel Torres,rpc,2024 Cairo
Ohan Dai,42.9,8.58,FALSE,Sakichi Abe,rpc,2024 Cairo
Chatanyara,43.2,8.64,TRUE,Aoi Funada,rpc,2024 Cairo
Anan,38.8,7.76,TRUE,Martin Romero Raul,rr,2024 Casablanca
Anan Dai,37.6,7.52,FALSE,Adam Bardos,rr,2024 Casablanca
Gojushiho Sho,39.8,7.96,FALSE,Mattia Busato,rr,2024 Casablanca
Ohan,41.2,8.24,TRUE,Sakichi Abe,rr,2024 Casablanca
Ohan Dai,39.8,7.96,FALSE,Adam Bardos,rr,2024 Casablanca
Unsu,40.5,8.1,TRUE,Mattia Busato,rr,2024 Casablanca
Chibana,39.9,7.98,FALSE,Martin Romero Raul,rr,2024 Casablanca
Anan,41.6,8.32,TRUE,Sakichi Abe,rr,2024 Casablanca
Chatanyara,39.8,7.96,FALSE,Martin Romero Raul,rr,2024 Casablanca
Gojushiho Dai,41.5,8.3,TRUE,Mattia Busato,rr,2024 Casablanca
Suparinpei,39.2,7.84,FALSE,Adam Bardos,rr,2024 Casablanca
Suparinpei,42.6,8.52,TRUE,Sakichi Abe,rr,2024 Casablanca
Gojushiho Sho,39,7.8,TRUE,Tijani Lamoum,rr,2024 Casablanca
Anan Dai,38.8,7.76,FALSE,Anthony Vu,rr,2024 Casablanca
Ohan Dai,41.5,8.3,TRUE,Ryusei Ikeda,rr,2024 Casablanca
Gojushiho Dai,41.3,8.26,FALSE,Ali Sofuoglu,rr,2024 Casablanca
Chibana,39.5,7.9,FALSE,Anthony Vu,rr,2024 Casablanca
Anan,41.6,8.32,TRUE,Ryusei Ikeda,rr,2024 Casablanca
Unsu,39.5,7.9,FALSE,Tijani Lamoum,rr,2024 Casablanca
Gojushiho Sho,41.9,8.38,TRUE,Ali Sofuoglu,rr,2024 Casablanca
Kanku Sho,39.1,7.82,FALSE,Tijani Lamoum,rr,2024 Casablanca
Suparinpei,41.1,8.22,TRUE,Ryusei Ikeda,rr,2024 Casablanca
Ohan Dai,39.4,7.88,FALSE,Anthony Vu,rr,2024 Casablanca
Nijushiho,40.4,8.08,TRUE,Ali Sofuoglu,rr,2024 Casablanca
Papuren,41.1,8.22,TRUE,Eiji Otsuki,rr,2024 Casablanca
Kanku Sho,39.1,7.82,FALSE,Karim Ghaly,rr,2024 Casablanca
Kanku Sho,40.7,8.14,TRUE,Alessio Ghinami,rr,2024 Casablanca
Anan,38.9,7.78,FALSE,Ryonosuke Kikuchi,rr,2024 Casablanca
Gojushiho Sho,39.1,7.82,FALSE,Karim Ghaly,rr,2024 Casablanca
Gojushiho Dai,41.5,8.3,TRUE,Alessio Ghinami,rr,2024 Casablanca
Suparinpei,41.2,8.24,TRUE,Eiji Otsuki,rr,2024 Casablanca
Anan Dai,38.9,7.78,FALSE,Ryonosuke Kikuchi,rr,2024 Casablanca
Chatanyara,41.4,8.28,TRUE,Eiji Otsuki,rr,2024 Casablanca
Unsu,41.3,8.26,FALSE,Alessio Ghinami,rr,2024 Casablanca
Gojushiho Dai,40.2,8.04,FALSE,Karim Ghaly,rr,2024 Casablanca
Suparinpei,41.2,8.24,TRUE,Ryonosuke Kikuchi,rr,2024 Casablanca
Kururunfa,39.4,7.88,FALSE,Yuki Ujihara,rr,2024 Casablanca
Gojushiho Sho,40.1,8.02,TRUE,Almosawi Sayed Salman,rr,2024 Casablanca
Sochin,41.5,8.3,TRUE,Ryuji Moto,rr,2024 Casablanca
Anan,40.7,8.14,FALSE,Ariel Torres,rr,2024 Casablanca
Unsu,40.4,8.08,FALSE,Almosawi Sayed Salman,rr,2024 Casablanca
Gojushiho Sho,41.3,8.26,TRUE,Ryuji Moto,rr,2024 Casablanca
Suparinpei,39.4,7.88,FALSE,Yuki Ujihara,rr,2024 Casablanca
Ohan,40.1,8.02,TRUE,Ariel Torres,rr,2024 Casablanca
Papuren,39.6,7.92,FALSE,Yuki Ujihara,rr,2024 Casablanca
Enpi,41.1,8.22,TRUE,Ryuji Moto,rr,2024 Casablanca
Kanku Sho,40.1,8.02,FALSE,Almosawi Sayed Salman,rr,2024 Casablanca
Kururunfa,41.1,8.22,TRUE,Ariel Torres,rr,2024 Casablanca
Ohan Dai,39.9,7.98,FALSE,Howard Hung Ho Wai,rr,2024 Casablanca
Ohan Dai,40.1,8.02,TRUE,Manuel Grazia,rr,2024 Casablanca
Anan Dai,41.3,8.26,FALSE,Taishi Tozaki,rr,2024 Casablanca
Chatanyara,42.3,8.46,TRUE,Yasuhiro Machida,rr,2024 Casablanca
Anan Dai,40.3,8.06,FALSE,Manuel Grazia,rr,2024 Casablanca
Ohan Dai,41.2,8.24,TRUE,Taishi Tozaki,rr,2024 Casablanca
Suparinpei,40.7,8.14,FALSE,Howard Hung Ho Wai,rr,2024 Casablanca
Suparinpei,42.6,8.52,TRUE,Yasuhiro Machida,rr,2024 Casablanca
Ohan,39.6,7.92,FALSE,Howard Hung Ho Wai,rr,2024 Casablanca
Anan,41.4,8.28,TRUE,Taishi Tozaki,rr,2024 Casablanca
Ohan,40.1,8.02,FALSE,Manuel Grazia,rr,2024 Casablanca
Anan Dai,41.9,8.38,TRUE,Yasuhiro Machida,rr,2024 Casablanca
Gojushiho Sho,39.6,7.92,FALSE,Almosawi Sayed Mohammed,rr,2024 Casablanca
Anan,41.3,8.26,TRUE,Gakuji Tozaki,rr,2024 Casablanca
Gojushiho Dai,40.1,8.02,FALSE,Abu Wahib Jonas,rr,2024 Casablanca
Sochin,41.7,8.34,TRUE,Kazumasa Moto,rr,2024 Casablanca
Suparinpei,42,8.4,TRUE,Gakuji Tozaki,rr,2024 Casablanca
Unsu,39.9,7.98,FALSE,Abu Wahib Jonas,rr,2024 Casablanca
Unsu,40.7,8.14,FALSE,Almosawi Sayed Mohammed,rr,2024 Casablanca
Gojushiho Dai,42.1,8.42,TRUE,Kazumasa Moto,rr,2024 Casablanca
Kanku Sho,40.3,8.06,TRUE,Almosawi Sayed Mohammed,rr,2024 Casablanca
Kanku Sho,39.9,7.98,FALSE,Abu Wahib Jonas,rr,2024 Casablanca
Ohan Dai,41.5,8.3,FALSE,Gakuji Tozaki,rr,2024 Casablanca
Gojushiho Sho,42.3,8.46,TRUE,Kazumasa Moto,rr,2024 Casablanca
Kanku Sho,39.2,7.84,FALSE,El Mansoury Salah Eddine,rr,2024 Casablanca
Gojushiho Sho,42.2,8.44,TRUE,Enes Ozdemir,rr,2024 Casablanca
Unsu,41.6,8.32,TRUE,Aoi Funada,rr,2024 Casablanca
Unsu,39.9,7.98,FALSE,Gianluca Gallo,rr,2024 Casablanca
Unsu,42,8.4,TRUE,Enes Ozdemir,rr,2024 Casablanca
Chatanyara,41.6,8.32,FALSE,Aoi Funada,rr,2024 Casablanca
Gojushiho Sho,39.9,7.98,FALSE,El Mansoury Salah Eddine,rr,2024 Casablanca
Gojushiho Sho,41.3,8.26,TRUE,Gianluca Gallo,rr,2024 Casablanca
Unsu,39.7,7.94,FALSE,El Mansoury Salah Eddine,rr,2024 Casablanca
Suparinpei,41.9,8.38,TRUE,Aoi Funada,rr,2024 Casablanca
Kanku Sho,42.1,8.42,TRUE,Enes Ozdemir,rr,2024 Casablanca
Gojushiho Dai,40.2,8.04,FALSE,Gianluca Gallo,rr,2024 Casablanca
Gojushiho Sho,39.5,7.9,FALSE,Franck Ngoan,rr,2024 Casablanca
Suparinpei,41.7,8.34,TRUE,Rey Chinen,rr,2024 Casablanca
Kanku Sho,40.7,8.14,FALSE,Alessandro Iodice,rr,2024 Casablanca
Seisan,42.4,8.48,TRUE,Kakeru Nishiyama,rr,2024 Casablanca
Chatanyara,41.9,8.38,TRUE,Rey Chinen,rr,2024 Casablanca
Unsu,40.9,8.18,FALSE,Alessandro Iodice,rr,2024 Casablanca
Sochin,40.1,8.02,FALSE,Franck Ngoan,rr,2024 Casablanca
Kururunfa,41.9,8.38,TRUE,Kakeru Nishiyama,rr,2024 Casablanca
Unsu,40.3,8.06,FALSE,Franck Ngoan,rr,2024 Casablanca
Gojushiho Sho,41.4,8.28,TRUE,Alessandro Iodice,rr,2024 Casablanca
Papuren,41.7,8.34,FALSE,Rey Chinen,rr,2024 Casablanca
Shisochin,42.9,8.58,TRUE,Kakeru Nishiyama,rr,2024 Casablanca
Ohan Dai,42.8,8.56,TRUE,Sakichi Abe,r1,2024 Casablanca
Anan Dai,41.3,8.26,FALSE,Ryusei Ikeda,r1,2024 Casablanca
Chibana,40.3,8.06,FALSE,Eiji Otsuki,r1,2024 Casablanca
Jitte,42.4,8.48,TRUE,Ryuji Moto,r1,2024 Casablanca
Papuren,43,8.6,FALSE,Yasuhiro Machida,r1,2024 Casablanca
Unsu,43.7,8.74,TRUE,Kazumasa Moto,r1,2024 Casablanca
Gankaku,41.7,8.34,FALSE,Enes Ozdemir,r1,2024 Casablanca
Papuren,43.6,8.72,TRUE,Kakeru Nishiyama,r1,2024 Casablanca
Anan Dai,42.3,8.46,FALSE,Sakichi Abe,r2,2024 Casablanca
Unsu,43,8.6,TRUE,Ryuji Moto,r2,2024 Casablanca
Gankaku,43.4,8.68,FALSE,Kazumasa Moto,r2,2024 Casablanca
Suparinpei,44.9,8.98,TRUE,Kakeru Nishiyama,r2,2024 Casablanca
Sochin,43.3,8.66,FALSE,Ryuji Moto,r3,2024 Casablanca
Chibana,45.6,9.12,TRUE,Kakeru Nishiyama,r3,2024 Casablanca
Anan,42.2,8.44,FALSE,Eiji Otsuki,rpc,2024 Casablanca
Ohan Dai,44.2,8.84,TRUE,Sakichi Abe,rpc,2024 Casablanca
Gojushiho Dai,43.4,8.68,FALSE,Enes Ozdemir,rpc,2024 Casablanca
Gojushiho Sho,43.6,8.72,TRUE,Kazumasa Moto,rpc,2024 Casablanca
Gojushiho Sho,41.3,8.26,TRUE,Enes Ozdemir,rr,2025 Paris
Unsu,40.1,8.02,FALSE,Almosawi Sayed Salman,rr,2025 Paris
Gojushiho Sho,39.8,7.96,FALSE,Alessandro Iodice,rr,2025 Paris
Anan,41.7,8.34,TRUE,Ryonosuke Kikuchi,rr,2025 Paris
Unsu,39.4,7.88,TRUE,Almosawi Sayed Salman,rr,2025 Paris
Unsu,39.1,7.82,FALSE,Alessandro Iodice,rr,2025 Paris
Unsu,40.9,8.18,FALSE,Enes Ozdemir,rr,2025 Paris
Suparinpei,41.5,8.3,TRUE,Ryonosuke Kikuchi,rr,2025 Paris
Sochin,41.2,8.24,TRUE,Enes Ozdemir,rr,2025 Paris
Kanku Sho,39.2,7.84,FALSE,Alessandro Iodice,rr,2025 Paris
Gojushiho Sho,39.9,7.98,FALSE,Almosawi Sayed Salman,rr,2025 Paris
Shisochin,40.3,8.06,TRUE,Ryonosuke Kikuchi,rr,2025 Paris
Gojushiho Sho,38.9,7.78,FALSE,Franck Ngoan,rr,2025 Paris
Gojushiho Sho,41.6,8.32,TRUE,Ryuji Moto,rr,2025 Paris
Gojushiho Sho,39.5,7.9,FALSE,Petru Comanescu,rr,2025 Paris
Sochin,41.1,8.22,TRUE,Ali Sofuoglu,rr,2025 Paris
Enpi,42.1,8.42,TRUE,Ryuji Moto,rr,2025 Paris
Gankaku,40.5,8.1,FALSE,Petru Comanescu,rr,2025 Paris
Unsu,39.8,7.96,FALSE,Franck Ngoan,rr,2025 Paris
Nijushiho,41.7,8.34,TRUE,Ali Sofuoglu,rr,2025 Paris
Kanku Sho,40.3,8.06,FALSE,Franck Ngoan,rr,2025 Paris
Kanku Sho,41,8.2,TRUE,Petru Comanescu,rr,2025 Paris
Sochin,43,8.6,TRUE,Ryuji Moto,rr,2025 Paris
Gojushiho Sho,41.8,8.36,FALSE,Ali Sofuoglu,rr,2025 Paris
Gojushiho Sho,37.9,7.58,FALSE,Saber Benmekhlouf,rr,2025 Paris
Unsu,39.5,7.9,TRUE,Casanova Guerrero Cleiver,rr,2025 Paris
Suparinpei,40.3,8.06,TRUE,Yasuhiro Machida,rr,2025 Paris
Ohan Dai,,,FALSE,Tarik Koc,rr,2025 Paris
Suparinpei,38.3,7.66,FALSE,Casanova Guerrero Cleiver,rr,2025 Paris
Anan Dai,40.4,8.08,TRUE,Yasuhiro Machida,rr,2025 Paris
Unsu,38.2,7.64,FALSE,Saber Benmekhlouf,rr,2025 Paris
Suparinpei,39.2,7.84,TRUE,Tarik Koc,rr,2025 Paris
Gojushiho Dai,37.5,7.5,FALSE,Saber Benmekhlouf,rr,2025 Paris
Chatanyara,40.8,8.16,TRUE,Yasuhiro Machida,rr,2025 Paris
Gojushiho Dai,40,8,FALSE,Casanova Guerrero Cleiver,rr,2025 Paris
Anan Dai,40.1,8.02,TRUE,Tarik Koc,rr,2025 Paris
Ohan Dai,39.2,7.84,TRUE,Thomas Klemz,rr,2025 Paris
Gojushiho Dai,38.9,7.78,FALSE,Gianluca Gallo,rr,2025 Paris
Ohan Dai,39.9,7.98,FALSE,Ryusei Ikeda,rr,2025 Paris
Ohan Dai,41,8.2,TRUE,Ariel Torres,rr,2025 Paris
Gojushiho Sho,39,7.8,FALSE,Gianluca Gallo,rr,2025 Paris
Ohan Dai,40.2,8.04,TRUE,Ryusei Ikeda,rr,2025 Paris
Suparinpei,38.5,7.7,FALSE,Thomas Klemz,rr,2025 Paris
Kururunfa,41.2,8.24,TRUE,Ariel Torres,rr,2025 Paris
Papuren,38.9,7.78,FALSE,Thomas Klemz,rr,2025 Paris
Anan Dai,41.4,8.28,TRUE,Ryusei Ikeda,rr,2025 Paris
Unsu,39.2,7.84,FALSE,Gianluca Gallo,rr,2025 Paris
Shisochin,41.4,8.28,TRUE,Ariel Torres,rr,2025 Paris
Anan Dai,39,7.8,FALSE,James Harrison,rr,2025 Paris
Ohan Dai,40.5,8.1,TRUE,Perez De Abreu Ricardo,rr,2025 Paris
Chibana,40.2,8.04,FALSE,Roman Hrcka,rr,2025 Paris
Gojushiho Dai,41.8,8.36,TRUE,Alessio Ghinami,rr,2025 Paris
Suparinpei,40.2,8.04,FALSE,Perez De Abreu Ricardo,rr,2025 Paris
Nipaipo,40.6,8.12,TRUE,Roman Hrcka,rr,2025 Paris
Kururunfa,39.7,7.94,FALSE,James Harrison,rr,2025 Paris
Gojushiho Sho,41.2,8.24,TRUE,Alessio Ghinami,rr,2025 Paris
Papuren,40.2,8.04,FALSE,James Harrison,rr,2025 Paris
Papuren,41.4,8.28,TRUE,Roman Hrcka,rr,2025 Paris
Chibana,39.7,7.94,FALSE,Perez De Abreu Ricardo,rr,2025 Paris
Unsu,41.8,8.36,TRUE,Alessio Ghinami,rr,2025 Paris
Anan Dai,39.9,7.98,TRUE,Botond Nagy,rr,2025 Paris
Anan Dai,39.5,7.9,FALSE,Rey Chinen,rr,2025 Paris
Ohan Dai,39.8,7.96,FALSE,manuel Grazia,rr,2025 Paris
Sochin,41.7,8.34,TRUE,Kazumasa Moto,rr,2025 Paris
Kururunfa,40.1,8.02,FALSE,Rey Chinen,rr,2025 Paris
Anan Dai,40.2,8.04,TRUE,manuel Grazia,rr,2025 Paris
Ohan Dai,40.4,8.08,FALSE,Botond Nagy,rr,2025 Paris
Gojushiho Dai,41.6,8.32,TRUE,Kazumasa Moto,rr,2025 Paris
Papuren,39.8,7.96,TRUE,Botond Nagy,rr,2025 Paris
Ohan Dai,39.7,7.94,FALSE,manuel Grazia,rr,2025 Paris
Suparinpei,39.8,7.96,FALSE,Rey Chinen,rr,2025 Paris
Unsu,41.8,8.36,TRUE,Kazumasa Moto,rr,2025 Paris
Suparinpei,38.8,7.76,TRUE,Howard Hung Ho Wai,rr,2025 Paris
Papuren,37.6,7.52,FALSE,Adam Bardos,rr,2025 Paris
Anan Dai,39.8,7.96,TRUE,Gakuji Tozaki,rr,2025 Paris
Suparinpei,39.8,7.96,FALSE,Yuki Sato,rr,2025 Paris
Chibana,39.4,7.88,FALSE,Adam Bardos,rr,2025 Paris
Anan,41.6,8.32,TRUE,Gakuji Tozaki,rr,2025 Paris
Ohan Dai,39.4,7.88,FALSE,Howard Hung Ho Wai,rr,2025 Paris
Anan,40.8,8.16,TRUE,Yuki Sato,rr,2025 Paris
Chibana,39.3,7.86,FALSE,Howard Hung Ho Wai,rr,2025 Paris
Ohan Dai,41,8.2,TRUE,Gakuji Tozaki,rr,2025 Paris
Suparinpei,38.7,7.74,FALSE,Adam Bardos,rr,2025 Paris
Papuren,40.3,8.06,TRUE,Yuki Sato,rr,2025 Paris
Unsu,41.2,8.24,TRUE,Mattia Busato,rr,2025 Paris
Suparinpei,39.3,7.86,FALSE,Yuki Ujihara,rr,2025 Paris
Anan Dai,40.2,8.04,FALSE,Anthony Vu,rr,2025 Paris
Seisan,42.2,8.44,TRUE,Kakeru Nishiyama,rr,2025 Paris
Papuren,39.5,7.9,FALSE,Yuki Ujihara,rr,2025 Paris
Chibana,40.9,8.18,TRUE,Anthony Vu,rr,2025 Paris
Gojushiho Sho,41.1,8.22,FALSE,Mattia Busato,rr,2025 Paris
Shisochin,42.3,8.46,TRUE,Kakeru Nishiyama,rr,2025 Paris
Kanku Sho,40.8,8.16,FALSE,Mattia Busato,rr,2025 Paris
Ohan Dai,41.2,8.24,TRUE,Anthony Vu,rr,2025 Paris
Kururunfa,38.6,7.72,FALSE,Yuki Ujihara,rr,2025 Paris
Kururunfa,42.2,8.44,TRUE,Kakeru Nishiyama,rr,2025 Paris
Ohan Dai,43.1,8.62,TRUE,Ryonosuke Kikuchi,r1,2025 Paris
Jitte,42.3,8.46,FALSE,Ryuji Moto,r1,2025 Paris
Chibana,42.3,8.46,TRUE,Yasuhiro Machida,r1,2025 Paris
Anan,41.7,8.34,FALSE,Ariel Torres,r1,2025 Paris
Kanku Sho,41.5,8.3,FALSE,Alessio Ghinami,r1,2025 Paris
Gojushiho Sho,42.1,8.42,TRUE,Kazumasa Moto,r1,2025 Paris
Suparinpei,41.6,8.32,FALSE,Gakuji Tozaki,r1,2025 Paris
Papuren,43.7,8.74,TRUE,Kakeru Nishiyama,r1,2025 Paris
Anan Dai,42.5,8.5,FALSE,Ryonosuke Kikuchi,r2,2025 Paris
Papuren,43.2,8.64,TRUE,Yasuhiro Machida,r2,2025 Paris
Gankaku,42.9,8.58,FALSE,Kazumasa Moto,r2,2025 Paris
Suparinpei,44.8,8.96,TRUE,Kakeru Nishiyama,r2,2025 Paris
Suparinpei,43.3,8.66,FALSE,Yasuhiro Machida,r3,2025 Paris
Chibana,45.9,9.18,TRUE,Kakeru Nishiyama,r3,2025 Paris
Anan Dai,43.4,8.68,TRUE,Ariel Torres,rpc,2025 Paris
Suparinpei,43,8.6,FALSE,Ryonosuke Kikuchi,rpc,2025 Paris
Chatanyara,42.7,8.54,FALSE,Gakuji Tozaki,rpc,2025 Paris
Gojushiho Sho,44.2,8.84,TRUE,Kazumasa Moto,rpc,2025 Paris
Gojushiho Sho,38.9,7.78,TRUE,Mohammad Hussain,rr,2025 Hangzhou
Gojushiho Dai,36.8,7.36,FALSE,Rick Sonnema,rr,2025 Hangzhou
Ohan,40,8,TRUE,Ryusei Ikeda,rr,2025 Hangzhou
Ohan Dai,39.9,7.98,FALSE,Taishi Tozaki,rr,2025 Hangzhou
Gojushiho Sho,37.7,7.54,FALSE,Rick Sonnema,rr,2025 Hangzhou
Anan,40.4,8.08,TRUE,Ryusei Ikeda,rr,2025 Hangzhou
Unsu,39,7.8,FALSE,Mohammad Hussain,rr,2025 Hangzhou
Anan Dai,40.4,8.08,TRUE,Taishi Tozaki,rr,2025 Hangzhou
Gojushiho Dai,39.4,7.88,FALSE,Mohammad Hussain,rr,2025 Hangzhou
Suparinpei,40.8,8.16,TRUE,Ryusei Ikeda,rr,2025 Hangzhou
Unsu,38.1,7.62,FALSE,Rick Sonnema,rr,2025 Hangzhou
Papuren,40.7,8.14,TRUE,Taishi Tozaki,rr,2025 Hangzhou
Gojushiho Sho,38.8,7.76,FALSE,Gianluca Gallo,rr,2025 Hangzhou
Gojushiho,39.5,7.9,TRUE,Martin Romero Raul,rr,2025 Hangzhou
Sochin,40.8,8.16,TRUE,Ryuji Moto,rr,2025 Hangzhou
Gojushiho Sho,40.2,8.04,FALSE,Ali Sofuoglu,rr,2025 Hangzhou
Chibana,41,8.2,TRUE,Martin Romero Raul,rr,2025 Hangzhou
Gojushiho Sho,40.9,8.18,FALSE,Ryuji Moto,rr,2025 Hangzhou
Unsu,38.6,7.72,FALSE,Gianluca Gallo,rr,2025 Hangzhou
Nijushiho,40,8,TRUE,Ali Sofuoglu,rr,2025 Hangzhou
Gojushiho Dai,39.3,7.86,FALSE,Gianluca Gallo,rr,2025 Hangzhou
Jitte,40.4,8.08,TRUE,Ryuji Moto,rr,2025 Hangzhou
Chatanyara,41.6,8.32,TRUE,Martin Romero Raul,rr,2025 Hangzhou
Unsu,40.3,8.06,FALSE,Ali Sofuoglu,rr,2025 Hangzhou
Papuren,39.3,7.86,FALSE,Yuki Ujihara,rr,2025 Hangzhou
Ohan Dai,40.6,8.12,TRUE,Anthony Vu,rr,2025 Hangzhou
Chibana,38,7.6,FALSE,Howard Hung Ho Wai,rr,2025 Hangzhou
Gojushiho Sho,40,8,TRUE,Mattia Busato,rr,2025 Hangzhou
Papuren,40.7,8.14,TRUE,Anthony Vu,rr,2025 Hangzhou
Ohan Dai,38.4,7.68,FALSE,Howard Hung Ho Wai,rr,2025 Hangzhou
Kururunfa,39.5,7.9,FALSE,Yuki Ujihara,rr,2025 Hangzhou
Unsu,40.2,8.04,TRUE,Mattia Busato,rr,2025 Hangzhou
Shisochin,39.2,7.84,TRUE,Yuki Ujihara,rr,2025 Hangzhou
Ohan,38.8,7.76,FALSE,Howard Hung Ho Wai,rr,2025 Hangzhou
Chibana,40.2,8.04,TRUE,Anthony Vu,rr,2025 Hangzhou
Gojushiho Dai,40.2,8.04,FALSE,Mattia Busato,rr,2025 Hangzhou
Ohan,40.6,8.12,TRUE,Sakichi Abe,rr,2025 Hangzhou
Chibana,36.9,7.38,FALSE,Tarik Koc,rr,2025 Hangzhou
Ohan Dai,39.3,7.86,FALSE,Chen Chao Ching,rr,2025 Hangzhou
Kururunfa,41.2,8.24,TRUE,Ariel Torres,rr,2025 Hangzhou
Anan Dai,38.1,7.62,FALSE,Tarik Koc,rr,2025 Hangzhou
Suparinpei,39.8,7.96,TRUE,Chen Chao Ching,rr,2025 Hangzhou
Ohan Dai,40.7,8.14,FALSE,Sakichi Abe,rr,2025 Hangzhou
Ohan Dai,41.2,8.24,TRUE,Ariel Torres,rr,2025 Hangzhou
Suparinpei,40.4,8.08,TRUE,Sakichi Abe,rr,2025 Hangzhou
Papuren,39.4,7.88,FALSE,Chen Chao Ching,rr,2025 Hangzhou
Suparinpei,38.1,7.62,FALSE,Tarik Koc,rr,2025 Hangzhou
Shisochin,40.3,8.06,TRUE,Ariel Torres,rr,2025 Hangzhou
Nipaipo,39.4,7.88,TRUE,Roman Hrcka,rr,2025 Hangzhou
Gojushiho Dai,38.4,7.68,FALSE,Casanova Guerrero Cleiver,rr,2025 Hangzhou
Gojushiho Dai,39,7.8,FALSE,Almosawi Sayed Mohammed,rr,2025 Hangzhou
Anan,40.8,8.16,TRUE,Ryonosuke Kikuchi,rr,2025 Hangzhou
Unsu,39,7.8,FALSE,Casanova Guerrero Cleiver,rr,2025 Hangzhou
Kanku Sho,39.2,7.84,TRUE,Almosawi Sayed Mohammed,rr,2025 Hangzhou
Chatanyara,40.3,8.06,FALSE,Roman Hrcka,rr,2025 Hangzhou
Papuren,41.3,8.26,TRUE,Ryonosuke Kikuchi,rr,2025 Hangzhou
Papuren,40.5,8.1,TRUE,Roman Hrcka,rr,2025 Hangzhou
Unsu,39.4,7.88,FALSE,Almosawi Sayed Mohammed,rr,2025 Hangzhou
Gankaku,39.3,7.86,FALSE,Casanova Guerrero Cleiver,rr,2025 Hangzhou
Shisochin,41,8.2,TRUE,Ryonosuke Kikuchi,rr,2025 Hangzhou
Gojushiho Sho,40.9,8.18,TRUE,Alessio Ghinami,rr,2025 Hangzhou
Unsu,39.8,7.96,FALSE,Almosawi Sayed Salman,rr,2025 Hangzhou
Suparinpei,40.2,8.04,FALSE,Rey Chinen,rr,2025 Hangzhou
Gojushiho Dai,41.6,8.32,TRUE,Kazumasa Moto,rr,2025 Hangzhou
Kanku Sho,39.7,7.94,FALSE,Almosawi Sayed Salman,rr,2025 Hangzhou
Chatanyara,40.7,8.14,TRUE,Rey Chinen,rr,2025 Hangzhou
Gankaku,41.2,8.24,FALSE,Alessio Ghinami,rr,2025 Hangzhou
Gojushiho Sho,42,8.4,TRUE,Kazumasa Moto,rr,2025 Hangzhou
Gojushiho Dai,41.1,8.22,TRUE,Alessio Ghinami,rr,2025 Hangzhou
Papuren,40.9,8.18,FALSE,Rey Chinen,rr,2025 Hangzhou
Gojushiho Sho,39.7,7.94,FALSE,Almosawi Sayed Salman,rr,2025 Hangzhou
Sochin,41.7,8.34,TRUE,Kazumasa Moto,rr,2025 Hangzhou
Anan Dai,40.8,8.16,TRUE,Yasuhiro Machida,rr,2025 Hangzhou
Gojushiho Dai,38.8,7.76,FALSE,Adam Ellithy,rr,2025 Hangzhou
Suparinpei,40.5,8.1,TRUE,Gakuji Tozaki,rr,2025 Hangzhou
Kururunfa,38.8,7.76,FALSE,James Harrison,rr,2025 Hangzhou
Gojushiho Sho,39.5,7.9,FALSE,Adam Ellithy,rr,2025 Hangzhou
Anan,40.7,8.14,TRUE,Gakuji Tozaki,rr,2025 Hangzhou
Chatanyara,40.8,8.16,TRUE,Yasuhiro Machida,rr,2025 Hangzhou
Suparinpei,39.2,7.84,FALSE,James Harrison,rr,2025 Hangzhou
Suparinpei,41.3,8.26,TRUE,Yasuhiro Machida,rr,2025 Hangzhou
Ohan Dai,41,8.2,FALSE,Gakuji Tozaki,rr,2025 Hangzhou
Unsu,39.5,7.9,FALSE,Adam Ellithy,rr,2025 Hangzhou
Papuren,40.8,8.16,TRUE,James Harrison,rr,2025 Hangzhou
Gojushiho Sho,40.2,8.04,TRUE,Alessandro Iodice,rr,2025 Hangzhou
Sochin,39.9,7.98,FALSE,Enes Ozdemir,rr,2025 Hangzhou
Suparinpei,40,8,FALSE,Yaroslav Fedorov,rr,2025 Hangzhou
Shisochin,41.9,8.38,TRUE,Kakeru Nishiyama,rr,2025 Hangzhou
Gojushiho Sho,40.4,8.08,TRUE,Enes Ozdemir,rr,2025 Hangzhou
Ohan Dai,39.9,7.98,FALSE,Yaroslav Fedorov,rr,2025 Hangzhou
Sochin,39.9,7.98,FALSE,Alessandro Iodice,rr,2025 Hangzhou
Kururunfa,41.8,8.36,TRUE,Kakeru Nishiyama,rr,2025 Hangzhou
Unsu,40.9,8.18,TRUE,Alessandro Iodice,rr,2025 Hangzhou
Anan Dai,39.5,7.9,FALSE,Yaroslav Fedorov,rr,2025 Hangzhou
Gankaku,40.7,8.14,FALSE,Enes Ozdemir,rr,2025 Hangzhou
Seisan,42.8,8.56,TRUE,Kakeru Nishiyama,rr,2025 Hangzhou
Ohan Dai,42,8.4,FALSE,Ryusei Ikeda,r1,2025 Hangzhou
Suparinpei,42.2,8.44,TRUE,Martin Romero Raul,r1,2025 Hangzhou
Anan Dai,41.5,8.3,FALSE,Anthony Vu,r1,2025 Hangzhou
Anan,42.8,8.56,TRUE,Ariel Torres,r1,2025 Hangzhou
Suparinpei,42.1,8.42,FALSE,Ryonosuke Kikuchi,r1,2025 Hangzhou
Unsu,43.3,8.66,TRUE,Kazumasa Moto,r1,2025 Hangzhou
Chibana,41.8,8.36,FALSE,Yasuhiro Machida,r1,2025 Hangzhou
Papuren,43.7,8.74,TRUE,Kakeru Nishiyama,r1,2025 Hangzhou
Anan,42,8.4,FALSE,Martin Romero Raul,r2,2025 Hangzhou
Anan Dai,43.2,8.64,TRUE,Ariel Torres,r2,2025 Hangzhou
Gankaku,43.2,8.64,FALSE,Kazumasa Moto,r2,2025 Hangzhou
Suparinpei,44.2,8.84,TRUE,Kakeru Nishiyama,r2,2025 Hangzhou
Ohan Dai,43.3,8.66,FALSE,Ariel Torres,r3,2025 Hangzhou
Chibana,44.1,8.82,TRUE,Kakeru Nishiyama,r3,2025 Hangzhou
Anan,42,8.4,TRUE,Anthony Vu,rpc,2025 Hangzhou
Chibana,40.4,8.08,FALSE,Martin Romero Raul,rpc,2025 Hangzhou
Papuren,41.5,8.3,FALSE,Yasuhiro Machida,rpc,2025 Hangzhou
Gojushiho Sho,43,8.6,TRUE,Kazumasa Moto,rpc,2025 Hangzhou
Papuren,39.9,7.98,TRUE,Taishi Tozaki,rr,2025 Cairo
Ohan Dai,38,7.6,FALSE,Adam Ellithy,rr,2025 Cairo
Ohan Dai,41.3,8.26,TRUE,Sakichi Abe,rr,2025 Cairo
Kanku Sho,41.1,8.22,FALSE,Enes Ozdemir,rr,2025 Cairo
,40,8,FALSE,Adam Ellithy,rr,2025 Cairo
,41.8,8.36,TRUE,Sakichi Abe,rr,2025 Cairo
,41,8.2,FALSE,Taishi Tozaki,rr,2025 Cairo
,41.9,8.38,TRUE,Enes Ozdemir,rr,2025 Cairo
,40.9,8.18,FALSE,Taishi Tozaki,rr,2025 Cairo
,42.6,8.52,TRUE,Sakichi Abe,rr,2025 Cairo
Unsu,,,FALSE,Adam Ellithy,rr,2025 Cairo
Gojushiho Dai,,,TRUE,Enes Ozdemir,rr,2025 Cairo
Gojushiho Dai,38.2,7.64,FALSE,Casanova Guerrero Cleiver,rr,2025 Cairo
Ohan,40.6,8.12,TRUE,Gakuji Tozaki,rr,2025 Cairo
Gojushiho Sho,39.9,7.98,FALSE,Almosawi Sayed Salman,rr,2025 Cairo
Enpi,41.7,8.34,TRUE,Kazumasa Moto,rr,2025 Cairo
,41,8.2,TRUE,Gakuji Tozaki,rr,2025 Cairo
,39.9,7.98,FALSE,Almosawi Sayed Salman,rr,2025 Cairo
,38.2,7.64,FALSE,Casanova Guerrero Cleiver,rr,2025 Cairo
,41.8,8.36,TRUE,Kazumasa Moto,rr,2025 Cairo
,38.6,7.72,FALSE,Casanova Guerrero Cleiver,rr,2025 Cairo
,39.9,7.98,TRUE,Almosawi Sayed Salman,rr,2025 Cairo
,40.3,8.06,FALSE,Gakuji Tozaki,rr,2025 Cairo
,41.7,8.34,TRUE,Kazumasa Moto,rr,2025 Cairo
,38.9,7.78,FALSE,Howard Hung Ho Wai,rr,2025 Cairo
,40.5,8.1,TRUE,Martin Romero Raul,rr,2025 Cairo
,39.7,7.94,TRUE,Aoi Funada,rr,2025 Cairo
,37.9,7.58,FALSE,Yaroslav Fedorov,rr,2025 Cairo
,40.9,8.18,TRUE,Martin Romero Raul,rr,2025 Cairo
,40.3,8.06,FALSE,Aoi Funada,rr,2025 Cairo
,39.7,7.94,TRUE,Howard Hung Ho Wai,rr,2025 Cairo
,38.1,7.62,FALSE,Yaroslav Fedorov,rr,2025 Cairo
Chibana,39.8,7.96,FALSE,Howard Hung Ho Wai,rr,2025 Cairo
Suparinpei,40.3,8.06,TRUE,Aoi Funada,rr,2025 Cairo
Anan,40.9,8.18,TRUE,Martin Romero Raul,rr,2025 Cairo
Anan Dai,38.8,7.76,FALSE,Yaroslav Fedorov,rr,2025 Cairo
,40.1,8.02,TRUE,Ryonosuke Kikuchi,rr,2025 Cairo
,38.8,7.76,FALSE,Manuel Grazia,rr,2025 Cairo
,39.9,7.98,FALSE,Roman Hrcka,rr,2025 Cairo
,41.3,8.26,TRUE,Ariel Torres,rr,2025 Cairo
,39.1,7.82,FALSE,Manuel Grazia,rr,2025 Cairo
,40.3,8.06,TRUE,Roman Hrcka,rr,2025 Cairo
,41.1,8.22,FALSE,Ryonosuke Kikuchi,rr,2025 Cairo
,41.5,8.3,TRUE,Ariel Torres,rr,2025 Cairo
,40.7,8.14,FALSE,Ryonosuke Kikuchi,rr,2025 Cairo
,40.9,8.18,TRUE,Roman Hrcka,rr,2025 Cairo
Ohan Dai,40.2,8.04,FALSE,Manuel Grazia,rr,2025 Cairo
Shisochin,42.1,8.42,TRUE,Ariel Torres,rr,2025 Cairo
Kururunfa,41.4,8.28,TRUE,Yuto Watanabe,rr,2025 Cairo
Ohan Dai,39.7,7.94,FALSE,Yuki Ujihara,rr,2025 Cairo
Suparinpei,41.4,8.28,FALSE,Rey Chinen,rr,2025 Cairo
Anan Dai,40.3,8.06,TRUE,Ryusei Ikeda,rr,2025 Cairo
,40,8,FALSE,Yuki Ujihara,rr,2025 Cairo
,41,8.2,TRUE,Rey Chinen,rr,2025 Cairo
,41.9,8.38,FALSE,Yuto Watanabe,rr,2025 Cairo
,41.1,8.22,TRUE,Ryusei Ikeda,rr,2025 Cairo
,,,TRUE,Yuto Watanabe,rr,2025 Cairo
,,,FALSE,Rey Chinen,rr,2025 Cairo
Suparinpei,40.9,8.18,FALSE,Yuki Ujihara,rr,2025 Cairo
Anan,41.9,8.38,TRUE,Ryusei Ikeda,rr,2025 Cairo
,39.6,7.92,FALSE,Almosawi Sayed Mohammed,rr,2025 Cairo
,41,8.2,TRUE,Anthony Vu,rr,2025 Cairo
,41.2,8.24,TRUE,Ryuji Moto,rr,2025 Cairo
,39.7,7.94,FALSE,Alessio Ghinami,rr,2025 Cairo
Ohan Dai,41,8.2,FALSE,Anthony Vu,rr,2025 Cairo
Gojushiho Sho,41.1,8.22,TRUE,Ryuji Moto,rr,2025 Cairo
Kanku Sho,39.9,7.98,FALSE,Almosawi Sayed Mohammed,rr,2025 Cairo
Gojushiho Sho,41.5,8.3,TRUE,Alessio Ghinami,rr,2025 Cairo
Unsu,39.7,7.94,FALSE,Almosawi Sayed Mohammed,rr,2025 Cairo
Enpi,41.3,8.26,TRUE,Ryuji Moto,rr,2025 Cairo
Chibana,41,8.2,FALSE,Anthony Vu,rr,2025 Cairo
Gojushiho Dai,41.5,8.3,TRUE,Alessio Ghinami,rr,2025 Cairo
,40.6,8.12,TRUE,Kotaro Ohata,rr,2025 Cairo
,39.3,7.86,FALSE,Gianluca Gallo,rr,2025 Cairo
Kishimoto,37.5,7.5,FALSE,Gianluca Greco,rr,2025 Cairo
Nipaipo,39.8,7.96,TRUE,Eiji Otsuki,rr,2025 Cairo
,39.6,7.92,TRUE,Gianluca Gallo,rr,2025 Cairo
,37.5,7.5,FALSE,Gianluca Greco,rr,2025 Cairo
,41.2,8.24,TRUE,Kotaro Ohata,rr,2025 Cairo
,39.6,7.92,FALSE,Eiji Otsuki,rr,2025 Cairo
Nipaipo,40.7,8.14,TRUE,Kotaro Ohata,rr,2025 Cairo
Suparinpei,37.5,7.5,FALSE,Gianluca Greco,rr,2025 Cairo
,40.1,8.02,TRUE,Gianluca Gallo,rr,2025 Cairo
,38.8,7.76,FALSE,Eiji Otsuki,rr,2025 Cairo
,38.8,7.76,TRUE,Petru Comanescu,rr,2025 Cairo
,37.4,7.48,FALSE,Adam Bardos,rr,2025 Cairo
,39.1,7.82,FALSE,Mattia Busato,rr,2025 Cairo
,41.8,8.36,TRUE,Kakeru Nishiyama,rr,2025 Cairo
,38,7.6,FALSE,Adam Bardos,rr,2025 Cairo
,39.5,7.9,TRUE,Mattia Busato,rr,2025 Cairo
Sochin,38.4,7.68,FALSE,Petru Comanescu,rr,2025 Cairo
Kururunfa,41,8.2,TRUE,Kakeru Nishiyama,rr,2025 Cairo
,39.6,7.92,TRUE,Petru Comanescu,rr,2025 Cairo
,39,7.8,FALSE,Mattia Busato,rr,2025 Cairo
Ohan Dai,38.1,7.62,FALSE,Adam Bardos,rr,2025 Cairo
,41.5,8.3,TRUE,Kakeru Nishiyama,rr,2025 Cairo
Anan Dai,42,8.4,FALSE,Sakichi Abe,r1,2025 Cairo
Gojushiho Dai,42.4,8.48,TRUE,Kazumasa Moto,r1,2025 Cairo
Suparinpei,41.4,8.28,FALSE,Martin Romero Raul,r1,2025 Cairo
Anan,42.4,8.48,TRUE,Ariel Torres,r1,2025 Cairo
Anan Dai,42,8.4,TRUE,Rey Chinen,r1,2025 Cairo
Unsu,40.8,8.16,FALSE,Ryuji Moto,r1,2025 Cairo
Seisan,40.7,8.14,FALSE,Kotaro Ohata,r1,2025 Cairo
Papuren,42.2,8.44,TRUE,Kakeru Nishiyama,r1,2025 Cairo
Unsu,42.2,8.44,FALSE,Kazumasa Moto,r2,2025 Cairo
Anan Dai,43.2,8.64,TRUE,Ariel Torres,r2,2025 Cairo
Anan,42.2,8.44,FALSE,Rey Chinen,r2,2025 Cairo
Suparinpei,44.1,8.82,TRUE,Kakeru Nishiyama,r2,2025 Cairo
Ohan Dai,43.7,8.74,FALSE,Ariel Torres,r3,2025 Cairo
Chibana,45.5,9.1,TRUE,Kakeru Nishiyama,r3,2025 Cairo
Gojushiho,42.6,8.52,TRUE,Martin Romero Raul,rpc,2025 Cairo
Gojushiho Sho,44.7,8.94,FALSE,Kazumasa Moto,rpc,2025 Cairo
Papuren,43.1,8.62,FALSE,Kotaro Ohata,rpc,2025 Cairo
Papuren,42.9,8.58,TRUE,Rey Chinen,rpc,2025 Cairo
Gojushiho Sho,38.6,7.72,FALSE,Giuseppe Panagia,rr,2025 Rabat
Enpi,41.1,8.22,TRUE,Ryuji Moto,rr,2025 Rabat
Gojushiho Sho,37.9,7.58,FALSE,Bu Khawwah Yaqoub,rr,2025 Rabat
Papuren,40,8,TRUE,Anthony Vu,rr,2025 Rabat
Jitte,40.6,8.12,TRUE,Ryuji Moto,rr,2025 Rabat
Unsu,37.7,7.54,FALSE,Bu Khawwah Yaqoub,rr,2025 Rabat
Gankaku,39,7.8,FALSE,Giuseppe Panagia,rr,2025 Rabat
Ohan Dai,40.1,8.02,TRUE,Anthony Vu,rr,2025 Rabat
Gojushiho Dai,39.2,7.84,TRUE,Giuseppe Panagia,rr,2025 Rabat
Kanku Sho,37.4,7.48,FALSE,Bu Khawwah Yaqoub,rr,2025 Rabat
Gojushiho Sho,41.1,8.22,TRUE,Ryuji Moto,rr,2025 Rabat
Chibana,40.7,8.14,FALSE,Anthony Vu,rr,2025 Rabat
Ohan,38.8,7.76,FALSE,Howard Hung Ho Wai,rr,2025 Rabat
Nipaipo,39.1,7.82,TRUE,Roman Hrcka,rr,2025 Rabat
Papuren,39.8,7.96,FALSE,Rey Chinen,rr,2025 Rabat
Gojushiho Dai,41.9,8.38,TRUE,Kazumasa Moto,rr,2025 Rabat
Papuren,39.8,7.96,FALSE,Roman Hrcka,rr,2025 Rabat
Suparinpei,41.1,8.22,TRUE,Rey Chinen,rr,2025 Rabat
Ohan Dai,39.1,7.82,FALSE,Howard Hung Ho Wai,rr,2025 Rabat
Enpi,41.9,8.38,TRUE,Kazumasa Moto,rr,2025 Rabat
Chibana,39.2,7.84,FALSE,Howard Hung Ho Wai,rr,2025 Rabat
Chatanyara,40.9,8.18,TRUE,Rey Chinen,rr,2025 Rabat
Chatanyara,40.1,8.02,FALSE,Roman Hrcka,rr,2025 Rabat
Sochin,42.2,8.44,TRUE,Kazumasa Moto,rr,2025 Rabat
Gojushiho Sho,39.6,7.92,FALSE,Adam Ellithy,rr,2025 Rabat
Gojushiho Sho,41.1,8.22,TRUE,Mattia Busato,rr,2025 Rabat
Ohan,41.9,8.38,TRUE,Sakichi Abe,rr,2025 Rabat
Suparinpei,40.8,8.16,FALSE,Gakuji Tozaki,rr,2025 Rabat
Unsu,40.1,8.02,FALSE,Mattia Busato,rr,2025 Rabat
Anan,42.2,8.44,TRUE,Sakichi Abe,rr,2025 Rabat
Unsu,39.2,7.84,FALSE,Adam Ellithy,rr,2025 Rabat
Anan,41.6,8.32,TRUE,Gakuji Tozaki,rr,2025 Rabat
Gankaku,38.4,7.68,FALSE,Adam Ellithy,rr,2025 Rabat
Seipai,41.6,8.32,TRUE,Sakichi Abe,rr,2025 Rabat
Gojushiho Dai,40.8,8.16,FALSE,Mattia Busato,rr,2025 Rabat
Anan Dai,41.9,8.38,TRUE,Gakuji Tozaki,rr,2025 Rabat
Gojushiho Dai,38.4,7.68,FALSE,Mohammad Hussain,rr,2025 Rabat
Kururunfa,41.1,8.22,TRUE,Ryonosuke Kikuchi,rr,2025 Rabat
Unsu,39.6,7.92,FALSE,Vladimir Mijac,rr,2025 Rabat
Kururunfa,42,8.4,TRUE,Ariel Torres,rr,2025 Rabat
Papuren,42,8.4,TRUE,Ryonosuke Kikuchi,rr,2025 Rabat
Gojushiho Dai,40.2,8.04,FALSE,Vladimir Mijac,rr,2025 Rabat
Unsu,39.1,7.82,FALSE,Mohammad Hussain,rr,2025 Rabat
Shisochin,41.7,8.34,TRUE,Ariel Torres,rr,2025 Rabat
Gojushiho Sho,39.2,7.84,FALSE,Mohammad Hussain,rr,2025 Rabat
Gojushiho Sho,40.4,8.08,TRUE,Vladimir Mijac,rr,2025 Rabat
Ohan Dai,41.5,8.3,FALSE,Ryonosuke Kikuchi,rr,2025 Rabat
Ohan Dai,43.2,8.64,TRUE,Ariel Torres,rr,2025 Rabat
Gojushiho Dai,39.8,7.96,FALSE,Almosawi Sayed Salman,rr,2025 Rabat
Kururunfa,40.7,8.14,TRUE,Kotaro Ohata,rr,2025 Rabat
Chibana,38.6,7.72,FALSE,Adam Bardos,rr,2025 Rabat
Papuren,39.1,7.82,TRUE,James Harrison,rr,2025 Rabat
Seisan,40.8,8.16,TRUE,Kotaro Ohata,rr,2025 Rabat
Suparinpei,38.7,7.74,FALSE,Adam Bardos,rr,2025 Rabat
Unsu,39.4,7.88,FALSE,Almosawi Sayed Salman,rr,2025 Rabat
Suparinpei,40.7,8.14,TRUE,James Harrison,rr,2025 Rabat
Kanku Sho,39.3,7.86,TRUE,Almosawi Sayed Salman,rr,2025 Rabat
Chatanyara,38.9,7.78,FALSE,Adam Bardos,rr,2025 Rabat
Nipaipo,41.3,8.26,TRUE,Kotaro Ohata,rr,2025 Rabat
Kururunfa,39.4,7.88,FALSE,James Harrison,rr,2025 Rabat
Gojushiho Sho,39.8,7.96,FALSE,Petru Comanescu,rr,2025 Rabat
Gojushiho Dai,40.7,8.14,TRUE,Gianluca Gallo,rr,2025 Rabat
Chibana,38.6,7.72,FALSE,Martin Romero Raul,rr,2025 Rabat
Suparinpei,39.1,7.82,TRUE,Yasuhiro Machida,rr,2025 Rabat
Unsu,40.8,8.16,TRUE,Gianluca Gallo,rr,2025 Rabat
Gojushiho,38.7,7.74,FALSE,Martin Romero Raul,rr,2025 Rabat
Kanku Sho,39.4,7.88,FALSE,Petru Comanescu,rr,2025 Rabat
Paiku,40.7,8.14,TRUE,Yasuhiro Machida,rr,2025 Rabat
Gankaku,39.3,7.86,TRUE,Petru Comanescu,rr,2025 Rabat
Suparinpei,38.9,7.78,FALSE,Martin Romero Raul,rr,2025 Rabat
Gojushiho Sho,41.3,8.26,TRUE,Gianluca Gallo,rr,2025 Rabat
Anan Dai,39.4,7.88,FALSE,Yasuhiro Machida,rr,2025 Rabat
Gojushiho Sho,38.7,7.74,TRUE,Almosawi Sayed Mohammed,rr,2025 Rabat
Anan Dai,38.6,7.72,FALSE,Yaroslav Fedorov,rr,2025 Rabat
Gojushiho Dai,40.3,8.06,FALSE,Alessio Ghinami,rr,2025 Rabat
Chatanyara,40.4,8.08,TRUE,Aoi Funada,rr,2025 Rabat
Suparinpei,38.4,7.68,FALSE,Yaroslav Fedorov,rr,2025 Rabat
Gojushiho Sho,40,8,TRUE,Alessio Ghinami,rr,2025 Rabat
Unsu,38.6,7.72,FALSE,Almosawi Sayed Mohammed,rr,2025 Rabat
Suparinpei,40.3,8.06,TRUE,Aoi Funada,rr,2025 Rabat
Gojushiho Dai,39.9,7.98,FALSE,Almosawi Sayed Mohammed,rr,2025 Rabat
Unsu,41.7,8.34,TRUE,Alessio Ghinami,rr,2025 Rabat
Ohan Dai,38.9,7.78,FALSE,Yaroslav Fedorov,rr,2025 Rabat
Unsu,41.1,8.22,TRUE,Aoi Funada,rr,2025 Rabat
Ohan Dai,39.9,7.98,FALSE,Taishi Tozaki,rr,2025 Rabat
Suparinpei,40.2,8.04,TRUE,Yuki Ujihara,rr,2025 Rabat
Ohan Dai,41.1,8.22,FALSE,Ryusei Ikeda,rr,2025 Rabat
Seisan,42.9,8.58,TRUE,Kakeru Nishiyama,rr,2025 Rabat
Chibana,39,7.8,FALSE,Yuki Ujihara,rr,2025 Rabat
Anan,40.6,8.12,TRUE,Ryusei Ikeda,rr,2025 Rabat
Anan Dai,39.8,7.96,FALSE,Taishi Tozaki,rr,2025 Rabat
Shisochin,41.8,8.36,TRUE,Kakeru Nishiyama,rr,2025 Rabat
Papuren,40.2,8.04,FALSE,Taishi Tozaki,rr,2025 Rabat
Ohan,41.3,8.26,TRUE,Ryusei Ikeda,rr,2025 Rabat
Papuren,40.4,8.08,FALSE,Yuki Ujihara,rr,2025 Rabat
Kururunfa,43.3,8.66,TRUE,Kakeru Nishiyama,rr,2025 Rabat
Sochin,41.5,8.3,FALSE,Ryuji Moto,r1,2025 Rabat
Unsu,42.7,8.54,TRUE,Kazumasa Moto,r1,2025 Rabat
Ohan Dai,43.2,8.64,FALSE,Sakichi Abe,r1,2025 Rabat
Anan,43.3,8.66,TRUE,Ariel Torres,r1,2025 Rabat
Suparinpei,42.6,8.52,TRUE,Kotaro Ohata,r1,2025 Rabat
Papuren,41.4,8.28,FALSE,Yasuhiro Machida,r1,2025 Rabat
Chibana,42.4,8.48,FALSE,Aoi Funada,r1,2025 Rabat
Papuren,43.9,8.78,TRUE,Kakeru Nishiyama,r1,2025 Rabat
Gojushiho Sho,43.2,8.64,FALSE,Kazumasa Moto,r2,2025 Rabat
Anan Dai,43.5,8.7,TRUE,Ariel Torres,r2,2025 Rabat
Papuren,42.4,8.48,FALSE,Kotaro Ohata,r2,2025 Rabat
Suparinpei,44.2,8.84,TRUE,Kakeru Nishiyama,r2,2025 Rabat
Ohan Dai,43.4,8.68,FALSE,Ariel Torres,r3,2025 Rabat
Chibana,44.7,8.94,TRUE,Kakeru Nishiyama,r3,2025 Rabat
Anan Dai,43.3,8.66,TRUE,Sakichi Abe,rpc,2025 Rabat
Gojushiho Dai,42.8,8.56,FALSE,Kazumasa Moto,rpc,2025 Rabat
Papuren,42.4,8.48,FALSE,Aoi Funada,rpc,2025 Rabat
Suparinpei,43,8.6,TRUE,Kotaro Ohata,rpc,2025 Rabat
Gojushiho Dai,39.7,7.94,TRUE,Almosawi Sayed Salman,rr,2025 Worlds
Ohan Dai,38.3,7.66,FALSE,De Castro Heriberto,rr,2025 Worlds
Anan Dai,39.9,7.98,TRUE,Roman Hrcka,rr,2025 Worlds
Ohan Dai,37.8,7.56,FALSE,Dylan Fisher,rr,2025 Worlds
Chibana,38.3,7.66,FALSE,De Castro Heriberto,rr,2025 Worlds
Nipaipo,40.3,8.06,TRUE,Roman Hrcka,rr,2025 Worlds
Gojushiho Sho,39.5,7.9,TRUE,Almosawi Sayed Salman,rr,2025 Worlds
Anan Dai,38,7.6,FALSE,Dylan Fisher,rr,2025 Worlds
Unsu,40.2,8.04,FALSE,Almosawi Sayed Salman,rr,2025 Worlds
Papuren,40.5,8.1,TRUE,Roman Hrcka,rr,2025 Worlds
Papuren,38,7.6,TRUE,De Castro Heriberto,rr,2025 Worlds
Ohan,37.9,7.58,FALSE,Dylan Fisher,rr,2025 Worlds
Ohan,39.9,7.98,FALSE,Howard Hung Ho Wai,rr,2025 Worlds
Kanku Sho,40.6,8.12,TRUE,Mostafa Elghobashy,rr,2025 Worlds
Anan Dai,39.4,7.88,FALSE,Thomas Klemz,rr,2025 Worlds
Kanku Sho,41.2,8.24,TRUE,Alessio Ghinami,rr,2025 Worlds
Gojushiho Dai,40.8,8.16,TRUE,Mostafa Elghobashy,rr,2025 Worlds
Ohan Dai,39.3,7.86,FALSE,Thomas Klemz,rr,2025 Worlds
Chibana,39.6,7.92,FALSE,Howard Hung Ho Wai,rr,2025 Worlds
Unsu,41.5,8.3,TRUE,Alessio Ghinami,rr,2025 Worlds
Ohan Dai,39.8,7.96,FALSE,Howard Hung Ho Wai,rr,2025 Worlds
Suparinpei,39.9,7.98,TRUE,Thomas Klemz,rr,2025 Worlds
Gojushiho Sho,40.7,8.14,FALSE,Mostafa Elghobashy,rr,2025 Worlds
Gankaku,42.2,8.44,TRUE,Alessio Ghinami,rr,2025 Worlds
Kururunfa,40.1,8.02,TRUE,Yuki Ujihara,rr,2025 Worlds
Unsu,38.3,7.66,FALSE,Casanova Guerrero Cleiver,rr,2025 Worlds
Chatanyara,37.5,7.5,FALSE,Nicholas Rowsby,rr,2025 Worlds
Ohan,39.2,7.84,TRUE,Chen Chao Ching,rr,2025 Worlds
Sochin,38.4,7.68,TRUE,Casanova Guerrero Cleiver,rr,2025 Worlds
Papuren,37.5,7.5,FALSE,Nicholas Rowsby,rr,2025 Worlds
Papuren,39.9,7.98,FALSE,Yuki Ujihara,rr,2025 Worlds
Ohan Dai,40,8,TRUE,Chen Chao Ching,rr,2025 Worlds
Sanseru,39.3,7.86,TRUE,Yuki Ujihara,rr,2025 Worlds
Kishimoto,36.2,7.24,FALSE,Nicholas Rowsby,rr,2025 Worlds
Gojushiho Dai,37.7,7.54,FALSE,Casanova Guerrero Cleiver,rr,2025 Worlds
Papuren,40.2,8.04,TRUE,Chen Chao Ching,rr,2025 Worlds
Suparinpei,36.2,7.24,FALSE,Oluwaseun Olorunmbe,rr,2025 Worlds
Ohan,38.7,7.74,TRUE,Kangwei Yang,rr,2025 Worlds
Sochin,38.9,7.78,FALSE,Petru Comanescu,rr,2025 Worlds
Kururunfa,40.7,8.14,TRUE,Ariel Torres,rr,2025 Worlds
Chibana,39.4,7.88,FALSE,Kangwei Yang,rr,2025 Worlds
Unsu,39.5,7.9,TRUE,Petru Comanescu,rr,2025 Worlds
Anan,35.8,7.16,FALSE,Oluwaseun Olorunmbe,rr,2025 Worlds
Shisochin,40.4,8.08,TRUE,Ariel Torres,rr,2025 Worlds
Nipaipo,34.9,6.98,FALSE,Oluwaseun Olorunmbe,rr,2025 Worlds
Gojushiho Sho,39.7,7.94,TRUE,Petru Comanescu,rr,2025 Worlds
Papuren,39.2,7.84,FALSE,Kangwei Yang,rr,2025 Worlds
Sanseiru,41.4,8.28,TRUE,Ariel Torres,rr,2025 Worlds
Suparinpei,35.6,7.12,FALSE,Brillant Mukeshimana,rr,2025 Worlds
Gojushiho Sho,38.2,7.64,TRUE,Impagnatiello Luca Mateo,rr,2025 Worlds
Chatanyara,37.9,7.58,TRUE,Artur Neto,rr,2025 Worlds
Gojushiho Dai,37.6,7.52,FALSE,Roman Heydarov,rr,2025 Worlds
Suparinpei,37.4,7.48,FALSE,Impagnatiello Luca Mateo,rr,2025 Worlds
Anan Dai,38.6,7.72,TRUE,Artur Neto,rr,2025 Worlds
Chatanyara,35.9,7.18,FALSE,Brillant Mukeshimana,rr,2025 Worlds
Sochin,37.8,7.56,TRUE,Roman Heydarov,rr,2025 Worlds
Gojushiho Sho,36,7.2,FALSE,Brillant Mukeshimana,rr,2025 Worlds
Anan,38.5,7.7,TRUE,Artur Neto,rr,2025 Worlds
Unsu,38.1,7.62,FALSE,Impagnatiello Luca Mateo,rr,2025 Worlds
Gojushiho Sho,38.4,7.68,TRUE,Roman Heydarov,rr,2025 Worlds
Unsu,38.2,7.64,TRUE,Taeyeon Hwang,rr,2025 Worlds
Gojushiho Sho,38,7.6,FALSE,Tijani Lamoum,rr,2025 Worlds
Suparinpei,39.8,7.96,FALSE,Damian Quintero,rr,2025 Worlds
Gojushiho Sho,41,8.2,TRUE,Enes Ozdemir,rr,2025 Worlds
Unsu,37.9,7.58,FALSE,Tijani Lamoum,rr,2025 Worlds
Pachu,39.8,7.96,TRUE,Damian Quintero,rr,2025 Worlds
Kanku Sho,37.2,7.44,FALSE,Taeyeon Hwang,rr,2025 Worlds
Sochin,40.6,8.12,TRUE,Enes Ozdemir,rr,2025 Worlds
Gojushiho Sho,37.4,7.48,FALSE,Taeyeon Hwang,rr,2025 Worlds
Paiku,39.6,7.92,TRUE,Damian Quintero,rr,2025 Worlds
Gojushiho Dai,38,7.6,FALSE,Tijani Lamoum,rr,2025 Worlds
Gojushiho Dai,40,8,TRUE,Enes Ozdemir,rr,2025 Worlds
Gojushiho Dai,38.5,7.7,FALSE,Youcef Ziad,rr,2025 Worlds
Ohan Dai,39.3,7.86,TRUE,Anthony Vu,rr,2025 Worlds
Kanku Sho,38.1,7.62,FALSE,Alejandro Ramirez,rr,2025 Worlds
Ohan Dai,39.6,7.92,TRUE,Morris Tellocke,rr,2025 Worlds
Anan,39.9,7.98,TRUE,Anthony Vu,rr,2025 Worlds
Unsu,37.8,7.56,FALSE,Alejandro Ramirez,rr,2025 Worlds
Gojushiho Sho,39,7.8,TRUE,Youcef Ziad,rr,2025 Worlds
Anan,37.7,7.54,FALSE,Morris Tellocke,rr,2025 Worlds
Unsu,39.8,7.96,TRUE,Youcef Ziad,rr,2025 Worlds
Gojushiho Sho,37.8,7.56,FALSE,Alejandro Ramirez,rr,2025 Worlds
Papuren,39.7,7.94,TRUE,Anthony Vu,rr,2025 Worlds
Suparinpei,37.9,7.58,FALSE,Morris Tellocke,rr,2025 Worlds
Gojushiho Sho,39.2,7.84,TRUE,Vladimir Mijac,rr,2025 Worlds
Sansai,37.1,7.42,FALSE,Jure Sluga,rr,2025 Worlds
Sochin,38.3,7.66,FALSE,Vladimir Mijac,rr,2025 Worlds
Shisochin,41,8.2,TRUE,Kakeru Nishiyama,rr,2025 Worlds
Gojushiho Sho,38.2,7.64,FALSE,Jure Sluga,rr,2025 Worlds
Kururunfa,41.6,8.32,TRUE,Kakeru Nishiyama,rr,2025 Worlds
Gojushiho Dai,40.7,8.14,FALSE,Vladimir Mijac,r1,2025 Worlds
Chibana,40.8,8.16,TRUE,Roman Hrcka,r1,2025 Worlds
Kanku Sho,39.6,7.92,FALSE,Youcef Ziad,r1,2025 Worlds
Gojushiho Sho,41.8,8.36,TRUE,Alessio Ghinami,r1,2025 Worlds
Anan Dai,40.7,8.14,TRUE,Damian Quintero,r1,2025 Worlds
Anan Dai,38.7,7.74,FALSE,Chen Chao Ching,r1,2025 Worlds
Gankaku,39.3,7.86,FALSE,Roman Heydarov,r1,2025 Worlds
Anan,42.4,8.48,TRUE,Ariel Torres,r1,2025 Worlds
Kanku Sho,41.2,8.24,TRUE,Petru Comanescu,r1,2025 Worlds
Chibana,39.9,7.98,FALSE,Artur Neto,r1,2025 Worlds
Suparinpei,39.8,7.96,FALSE,Yuki Ujihara,r1,2025 Worlds
Unsu,41.5,8.3,TRUE,Enes Ozdemir,r1,2025 Worlds
Unsu,40.7,8.14,TRUE,Mostafa Elghobashy,r1,2025 Worlds
Chibana,40.7,8.14,FALSE,Anthony Vu,r1,2025 Worlds
Kanku Sho,40.6,8.12,FALSE,Almosawi Sayed Salman,r1,2025 Worlds
Seisan,43.2,8.64,TRUE,Kakeru Nishiyama,r1,2025 Worlds
Chatanyara,41.5,8.3,FALSE,Roman Hrcka,r2,2025 Worlds
Gojushiho Dai,43,8.6,TRUE,Alessio Ghinami,r2,2025 Worlds
Ohan Dai,41.3,8.26,FALSE,Damian Quintero,r2,2025 Worlds
Anan Dai,42.4,8.48,TRUE,Ariel Torres,r2,2025 Worlds
Gankaku,40.3,8.06,FALSE,Petru Comanescu,r2,2025 Worlds
Kanku Sho,42.6,8.52,TRUE,Enes Ozdemir,r2,2025 Worlds
Sochin,41.2,8.24,FALSE,Mostafa Elghobashy,r2,2025 Worlds
Papuren,43.2,8.64,TRUE,Kakeru Nishiyama,r2,2025 Worlds
Gankaku,43.4,8.68,TRUE,Alessio Ghinami,r3,2025 Worlds
Ohan Dai,43.3,8.66,FALSE,Ariel Torres,r3,2025 Worlds
Unsu,42.2,8.44,FALSE,Enes Ozdemir,r3,2025 Worlds
Suparinpei,43.3,8.66,TRUE,Kakeru Nishiyama,r3,2025 Worlds
Gojushiho Dai,44.2,8.84,FALSE,Alessio Ghinami,r4,2025 Worlds
Chibana,46.4,9.28,TRUE,Kakeru Nishiyama,r4,2025 Worlds
Chibana,42,8.4,FALSE,Roman Hrcka,rpc,2025 Worlds
Anan Dai,44,8.8,TRUE,Ariel Torres,rpc,2025 Worlds
Unsu,43.2,8.64,FALSE,Mostafa Elghobashy,rpc,2025 Worlds
Gojushiho Sho,44.3,8.86,TRUE,Enes Ozdemir,rpc,2025 Worlds