Kata,Score,Avg Score,Won?,Karateka,Round #,Tournament,Opponent
Ohan Dai,38.3,7.66,FALSE,Armada Ruiz Andrea,rr,2024 Paris,Putri Aprilia Krisda
Ohan Dai,38.7,7.74,TRUE,Putri Aprilia Krisda,rr,2024 Paris,Armada Ruiz Andrea
Kururunfa,40.7,8.14,TRUE,Dilara Bozan,rr,2024 Paris,Lanyfer Minano
Kururunfa,38.8,7.76,FALSE,Lanyfer Minano,rr,2024 Paris,Dilara Bozan
Papuren,38.7,7.74,FALSE,Putri Aprilia Krisda,rr,2024 Paris,Dilara Bozan
Papuren,39.3,7.86,TRUE,Dilara Bozan,rr,2024 Paris,Putri Aprilia Krisda
Chibana,37.6,7.52,FALSE,Armada Ruiz Andrea,rr,2024 Paris,Lanyfer Minano
Ohan Dai,37.6,7.52,TRUE,Lanyfer Minano,rr,2024 Paris,Armada Ruiz Andrea
Papuren,38.9,7.78,FALSE,Armada Ruiz Andrea,rr,2024 Paris,Dilara Bozan
Ohan Dai,40.9,8.18,TRUE,Dilara Bozan,rr,2024 Paris,Armada Ruiz Andrea
Suparinpei,38.3,7.66,FALSE,Putri Aprilia Krisda,rr,2024 Paris,Lanyfer Minano
Papuren,39.1,7.82,TRUE,Lanyfer Minano,rr,2024 Paris,Putri Aprilia Krisda
Anan Dai,37.8,7.56,TRUE,Athina Tsiakmaki,rr,2024 Paris,Danni Williams
Kururunfa,37.7,7.54,FALSE,Danni Williams,rr,2024 Paris,Athina Tsiakmaki
Suparinpei,39.4,7.88,FALSE,Veronika Miskova,rr,2024 Paris,Mirisa Ohuchi
Chibana,42.1,8.42,TRUE,Mirisa Ohuchi,rr,2024 Paris,Veronika Miskova
Papuren,37.2,7.44,FALSE,Danni Williams,rr,2024 Paris,Veronika Miskova
Kururunfa,38.9,7.78,TRUE,Veronika Miskova,rr,2024 Paris,Danni Williams
Suparinpei,37.7,7.54,FALSE,Athina Tsiakmaki,rr,2024 Paris,Mirisa Ohuchi
Suparinpei,40.9,8.18,TRUE,Mirisa Ohuchi,rr,2024 Paris,Athina Tsiakmaki
Papuren,39.3,7.86,FALSE,Athina Tsiakmaki,rr,2024 Paris,Veronika Miskova
Papuren,39.9,7.98,TRUE,Veronika Miskova,rr,2024 Paris,Athina Tsiakmaki
Anan,37.5,7.5,FALSE,Danni Williams,rr,2024 Paris,Mirisa Ohuchi
Nipaipo,41.6,8.32,TRUE,Mirisa Ohuchi,rr,2024 Paris,Danni Williams
Chibana,38.6,7.72,TRUE,Morales Ozuna Gema,rr,2024 Paris,Alexandra Feracci
Papuren,37,7.4,FALSE,Alexandra Feracci,rr,2024 Paris,Morales Ozuna Gema
Kururunfa,39.7,7.94,TRUE,Terryana D'Onofrio,rr,2024 Paris,Shirley Jay
Papuren,34.9,6.98,FALSE,Shirley Jay,rr,2024 Paris,Terryana D'Onofrio
Kishimoto,39,7.8,FALSE,Alexandra Feracci,rr,2024 Paris,Terryana D'Onofrio
Ohan Dai,41,8.2,TRUE,Terryana D'Onofrio,rr,2024 Paris,Alexandra Feracci
Suparinpei,39.4,7.88,TRUE,Morales Ozuna Gema,rr,2024 Paris,Shirley Jay
Chatanyara,39.3,7.86,FALSE,Shirley Jay,rr,2024 Paris,Morales Ozuna Gema
Chatanyara,39.4,7.88,FALSE,Morales Ozuna Gema,rr,2024 Paris,Terryana D'Onofrio
Papuren,41,8.2,TRUE,Terryana D'Onofrio,rr,2024 Paris,Morales Ozuna Gema
Kururunfa,39.5,7.9,TRUE,Alexandra Feracci,rr,2024 Paris,Shirley Jay
Anan Dai,37.9,7.58,FALSE,Shirley Jay,rr,2024 Paris,Alexandra Feracci
Papuren,39.1,7.82,TRUE,Lo Sum Man,rr,2024 Paris,Semblano Mariana
Ohan Dai,36.9,7.38,FALSE,Semblano Mariana,rr,2024 Paris,Lo Sum Man
Chatanyara,40.6,8.12,TRUE,Saeko Azuma,rr,2024 Paris,Sakura Kokumai
Papuren,39.7,7.94,FALSE,Sakura Kokumai,rr,2024 Paris,Saeko Azuma
Suparinpei,37.8,7.56,FALSE,Semblano Mariana,rr,2024 Paris,Saeko Azuma
Suparinpei,41.3,8.26,TRUE,Saeko Azuma,rr,2024 Paris,Semblano Mariana
Chatanyara,39.3,7.86,FALSE,Lo Sum Man,rr,2024 Paris,Sakura Kokumai
Chibana,39.6,7.92,TRUE,Sakura Kokumai,rr,2024 Paris,Lo Sum Man
Suparinpei,39.7,7.94,FALSE,Lo Sum Man,rr,2024 Paris,Saeko Azuma
Papuren,42.1,8.42,TRUE,Saeko Azuma,rr,2024 Paris,Lo Sum Man
Kururunfa,37.1,7.42,FALSE,Semblano Mariana,rr,2024 Paris,Sakura Kokumai
Kururunfa,39.8,7.96,TRUE,Sakura Kokumai,rr,2024 Paris,Semblano Mariana
Gojushiho Sho,38.4,7.68,FALSE,Jasmin Juettner,rr,2024 Paris,Mahsa Afsaneh
Kishimoto,39.4,7.88,TRUE,Mahsa Afsaneh,rr,2024 Paris,Jasmin Juettner
Papuren,37.1,7.42,FALSE,Jana Vanusanikova,rr,2024 Paris,Chiara Manca
Ohan Dai,38.9,7.78,TRUE,Chiara Manca,rr,2024 Paris,Jana Vanusanikova
Gojushiho Dai,39.1,7.82,TRUE,Mahsa Afsaneh,rr,2024 Paris,Jana Vanusanikova
Suparinpei,36.6,7.32,FALSE,Jana Vanusanikova,rr,2024 Paris,Mahsa Afsaneh
Unsu,38.6,7.72,FALSE,Jasmin Juettner,rr,2024 Paris,Chiara Manca
Suparinpei,39.2,7.84,TRUE,Chiara Manca,rr,2024 Paris,Jasmin Juettner
Sansai,39,7.8,TRUE,Jasmin Juettner,rr,2024 Paris,Jana Vanusanikova
Anan Dai,36.8,7.36,FALSE,Jana Vanusanikova,rr,2024 Paris,Jasmin Juettner
Chatanyara,40.8,8.16,TRUE,Mahsa Afsaneh,rr,2024 Paris,Chiara Manca
Papuren,39.4,7.88,FALSE,Chiara Manca,rr,2024 Paris,Mahsa Afsaneh
Papuren,40.3,8.06,TRUE,Carola Casale,rr,2024 Paris,Nicole Turner
Papuren,37.8,7.56,FALSE,Nicole Turner,rr,2024 Paris,Carola Casale
Unsu,38.6,7.72,FALSE,Aya En-Nesyry,rr,2024 Paris,Maho Ono
Chibana,41.9,8.38,TRUE,Maho Ono,rr,2024 Paris,Aya En-Nesyry
Ohan Dai,37,7.4,FALSE,Nicole Turner,rr,2024 Paris,Aya En-Nesyry
Gojushiho Sho,40.2,8.04,TRUE,Aya En-Nesyry,rr,2024 Paris,Nicole Turner
Chibana,30.7,6.14,FALSE,Carola Casale,rr,2024 Paris,Maho Ono
Papuren,42.2,8.44,TRUE,Maho Ono,rr,2024 Paris,Carola Casale
Chatanyara,38.7,7.74,TRUE,Carola Casale,rr,2024 Paris,Aya En-Nesyry
Gankaku,37.9,7.58,FALSE,Aya En-Nesyry,rr,2024 Paris,Carola Casale
Chatanyara,36.7,7.34,FALSE,Nicole Turner,rr,2024 Paris,Maho Ono
Nipaipo,41,8.2,TRUE,Maho Ono,rr,2024 Paris,Nicole Turner
Anan,37.9,7.58,FALSE,Ana Cruz,rr,2024 Paris,Helvetia Taily
Gojushiho Sho,38.2,7.64,TRUE,Helvetia Taily,rr,2024 Paris,Ana Cruz
Kururunfa,40,8,TRUE,Natsuki Shimizu,rr,2024 Paris,Garcia Lozano Paola
Papuren,39.3,7.86,FALSE,Garcia Lozano Paola,rr,2024 Paris,Natsuki Shimizu
Gojushiho Dai,39.7,7.94,FALSE,Helvetia Taily,rr,2024 Paris,Natsuki Shimizu
Suparinpei,41,8.2,TRUE,Natsuki Shimizu,rr,2024 Paris,Helvetia Taily
Papuren,38.7,7.74,FALSE,Ana Cruz,rr,2024 Paris,Garcia Lozano Paola
Suparinpei,39.6,7.92,TRUE,Garcia Lozano Paola,rr,2024 Paris,Ana Cruz
Ohan Dai,38.7,7.74,FALSE,Ana Cruz,rr,2024 Paris,Natsuki Shimizu
Anan,40.7,8.14,TRUE,Natsuki Shimizu,rr,2024 Paris,Ana Cruz
Gankaku,39.5,7.9,TRUE,Helvetia Taily,rr,2024 Paris,Garcia Lozano Paola
Chatanyara,39.1,7.82,FALSE,Garcia Lozano Paola,rr,2024 Paris,Helvetia Taily
Papuren,39.8,7.96,TRUE,Xenou Georgia Archontia,rr,2024 Paris,Roberta Dominici
Anan Dai,37.5,7.5,FALSE,Roberta Dominici,rr,2024 Paris,Xenou Georgia Archontia
Chatanyara,39.9,7.98,FALSE,Xenou Georgia Archontia,rr,2024 Paris,Grace Lau
Tomari Bassai,41.9,8.38,TRUE,Grace Lau,rr,2024 Paris,Xenou Georgia Archontia
Ohan Dai,37.5,7.5,FALSE,Roberta Dominici,rr,2024 Paris,Grace Lau
,39.4,7.88,TRUE,Grace Lau,rr,2024 Paris,Roberta Dominici
Anan Dai,40.8,8.16,FALSE,Dilara Bozan,r1,2024 Paris,Mirisa Ohuchi
Papuren,42.8,8.56,TRUE,Mirisa Ohuchi,r1,2024 Paris,Dilara Bozan
Suparinpei,41.9,8.38,FALSE,Terryana D'Onofrio,r1,2024 Paris,Saeko Azuma
Chibana,43,8.6,TRUE,Saeko Azuma,r1,2024 Paris,Terryana D'Onofrio
Unsu,40.9,8.18,FALSE,Mahsa Afsaneh,r1,2024 Paris,Maho Ono
Suparinpei,42.5,8.5,TRUE,Maho Ono,r1,2024 Paris,Mahsa Afsaneh
Chatanyara,41.1,8.22,FALSE,Natsuki Shimizu,r1,2024 Paris,Grace Lau
Suparinpei,42.9,8.58,TRUE,Grace Lau,r1,2024 Paris,Natsuki Shimizu
Chatanyara,42.1,8.42,FALSE,Mirisa Ohuchi,r2,2024 Paris,Saeko Azuma
Oyadomari No Passai,43,8.6,TRUE,Saeko Azuma,r2,2024 Paris,Mirisa Ohuchi
Chatanyara,42.7,8.54,TRUE,Maho Ono,r2,2024 Paris,Grace Lau
Chatanyara,42.1,8.42,FALSE,Grace Lau,r2,2024 Paris,Maho Ono
Chatanyara,43.6,8.72,FALSE,Saeko Azuma,r3,2024 Paris,Maho Ono
Papuren,44,8.8,TRUE,Maho Ono,r3,2024 Paris,Saeko Azuma
Anan Dai,41.9,8.38,FALSE,Terryana D'Onofrio,rpc,2024 Paris,Mirisa Ohuchi
Papuren,43.5,8.7,TRUE,Mirisa Ohuchi,rpc,2024 Paris,Terryana D'Onofrio
Chibana,41,8.2,FALSE,Mahsa Afsaneh,rpc,2024 Paris,Grace Lau
Papuren,43.6,8.72,TRUE,Grace Lau,rpc,2024 Paris,Mahsa Afsaneh
Chatanyara,40.4,8.08,TRUE,Saeko Azuma,rr,2024 Antalya,Terryana D'Onofrio
Suparinpei,38.6,7.72,FALSE,Terryana D'Onofrio,rr,2024 Antalya,Saeko Azuma
Suparinpei,38,7.6,TRUE,Tung Yee Yin,rr,2024 Antalya,Claudia Laos-Loo
Papuren,37.3,7.46,FALSE,Claudia Laos-Loo,rr,2024 Antalya,Tung Yee Yin
Ohan,40.1,8.02,TRUE,Terryana D'Onofrio,rr,2024 Antalya,Tung Yee Yin
Ohan Dai,40.1,8.02,FALSE,Tung Yee Yin,rr,2024 Antalya,Terryana D'Onofrio
Papuren,41.8,8.36,TRUE,Saeko Azuma,rr,2024 Antalya,Claudia Laos-Loo
Chatanyara,37.6,7.52,FALSE,Claudia Laos-Loo,rr,2024 Antalya,Saeko Azuma
Suparinpei,41.5,8.3,TRUE,Saeko Azuma,rr,2024 Antalya,Tung Yee Yin
Papuren,39,7.8,FALSE,Tung Yee Yin,rr,2024 Antalya,Saeko Azuma
Papuren,39.9,7.98,TRUE,Terryana D'Onofrio,rr,2024 Antalya,Claudia Laos-Loo
Chibana,37.9,7.58,FALSE,Claudia Laos-Loo,rr,2024 Antalya,Terryana D'Onofrio
Anan Dai,38.6,7.72,FALSE,Athina Tsiakmaki,rr,2024 Antalya,Ana Cruz
Kururunfa,39.3,7.86,TRUE,Ana Cruz,rr,2024 Antalya,Athina Tsiakmaki
Suparinpei,38.7,7.74,FALSE,Shirley Jay,rr,2024 Antalya,Mirisa Ohuchi
Suparinpei,40.9,8.18,TRUE,Mirisa Ohuchi,rr,2024 Antalya,Shirley Jay
Ohan Dai,41.2,8.24,TRUE,Ana Cruz,rr,2024 Antalya,Shirley Jay
Papuren,38.9,7.78,FALSE,Shirley Jay,rr,2024 Antalya,Ana Cruz
Ohan Dai,38.5,7.7,FALSE,Athina Tsiakmaki,rr,2024 Antalya,Mirisa Ohuchi
Chibana,41,8.2,TRUE,Mirisa Ohuchi,rr,2024 Antalya,Athina Tsiakmaki
Papuren,37.9,7.58,TRUE,Athina Tsiakmaki,rr,2024 Antalya,Shirley Jay
Chibana,37.7,7.54,FALSE,Shirley Jay,rr,2024 Antalya,Athina Tsiakmaki
Papuren,41.3,8.26,TRUE,Ana Cruz,rr,2024 Antalya,Mirisa Ohuchi
Nipaipo,40.8,8.16,FALSE,Mirisa Ohuchi,rr,2024 Antalya,Ana Cruz
Chibana,37.6,7.52,FALSE,Carolina Amato,rr,2024 Antalya,Xenou Georgia Archontia
Papuren,38.2,7.64,TRUE,Xenou Georgia Archontia,rr,2024 Antalya,Carolina Amato
Kururunfa,38.6,7.72,TRUE,Dilara Bozan,rr,2024 Antalya,Wong Sze Man
Papuren,38.5,7.7,FALSE,Wong Sze Man,rr,2024 Antalya,Dilara Bozan
Chatanyara,38.3,7.66,FALSE,Xenou Georgia Archontia,rr,2024 Antalya,Dilara Bozan
Anan Dai,39.4,7.88,TRUE,Dilara Bozan,rr,2024 Antalya,Xenou Georgia Archontia
Papuren,37.3,7.46,FALSE,Carolina Amato,rr,2024 Antalya,Wong Sze Man
Chibana,38.7,7.74,TRUE,Wong Sze Man,rr,2024 Antalya,Carolina Amato
Chatanyara,37.8,7.56,FALSE,Carolina Amato,rr,2024 Antalya,Dilara Bozan
Ohan Dai,39.7,7.94,TRUE,Dilara Bozan,rr,2024 Antalya,Carolina Amato
Chibana,38.9,7.78,TRUE,Xenou Georgia Archontia,rr,2024 Antalya,Wong Sze Man
Suparinpei,38.7,7.74,FALSE,Wong Sze Man,rr,2024 Antalya,Xenou Georgia Archontia
Unsu,37.6,7.52,FALSE,Turemen Damla Su,rr,2024 Antalya,Morales Ozuna Gema
Chatanyara,38.1,7.62,TRUE,Morales Ozuna Gema,rr,2024 Antalya,Turemen Damla Su
Gojushiho Dai,38.3,7.66,FALSE,Turemen Damla Su,rr,2024 Antalya,Sakura Kokumai
Chatanyara,39.5,7.9,TRUE,Sakura Kokumai,rr,2024 Antalya,Turemen Damla Su
Chibana,38.7,7.74,FALSE,Morales Ozuna Gema,rr,2024 Antalya,Sakura Kokumai
Kururunfa,39.3,7.86,TRUE,Sakura Kokumai,rr,2024 Antalya,Morales Ozuna Gema
Papuren,38.7,7.74,FALSE,Veronika Miskova,rr,2024 Antalya,Colak Keyda Nur
Kururunfa,39.5,7.9,TRUE,Colak Keyda Nur,rr,2024 Antalya,Veronika Miskova
Kururunfa,41.5,8.3,TRUE,Natsuki Shimizu,rr,2024 Antalya,Carola Casale
Anan Dai,40.2,8.04,FALSE,Carola Casale,rr,2024 Antalya,Natsuki Shimizu
Chatanyara,40.2,8.04,FALSE,Colak Keyda Nur,rr,2024 Antalya,Natsuki Shimizu
Chatanyara,40.3,8.06,TRUE,Natsuki Shimizu,rr,2024 Antalya,Colak Keyda Nur
Suparinpei,38.6,7.72,FALSE,Veronika Miskova,rr,2024 Antalya,Carola Casale
Kururunfa,40.8,8.16,TRUE,Carola Casale,rr,2024 Antalya,Veronika Miskova
Kururunfa,39,7.8,FALSE,Veronika Miskova,rr,2024 Antalya,Natsuki Shimizu
Anan,40.3,8.06,TRUE,Natsuki Shimizu,rr,2024 Antalya,Veronika Miskova
Anan Dai,41.1,8.22,FALSE,Colak Keyda Nur,rr,2024 Antalya,Carola Casale
Papuren,42,8.4,TRUE,Carola Casale,rr,2024 Antalya,Colak Keyda Nur
Gojushiho Sho,39.2,7.84,FALSE,Aya En-Nesyry,rr,2024 Antalya,Lo Sum Man
Papuren,40.2,8.04,TRUE,Lo Sum Man,rr,2024 Antalya,Aya En-Nesyry
Chatanyara,39.2,7.84,FALSE,Mahsa Afsaneh,rr,2024 Antalya,Maho Ono
Chibana,41,8.2,TRUE,Maho Ono,rr,2024 Antalya,Mahsa Afsaneh
Suparinpei,41.2,8.24,TRUE,Lo Sum Man,rr,2024 Antalya,Mahsa Afsaneh
Kishimoto,39.7,7.94,FALSE,Mahsa Afsaneh,rr,2024 Antalya,Lo Sum Man
Unsu,38.5,7.7,FALSE,Aya En-Nesyry,rr,2024 Antalya,Maho Ono
Suparinpei,41.5,8.3,TRUE,Maho Ono,rr,2024 Antalya,Aya En-Nesyry
Gankaku,39.3,7.86,TRUE,Aya En-Nesyry,rr,2024 Antalya,Mahsa Afsaneh
Unsu,39.1,7.82,FALSE,Mahsa Afsaneh,rr,2024 Antalya,Aya En-Nesyry
Chibana,40.4,8.08,FALSE,Lo Sum Man,rr,2024 Antalya,Maho Ono
Nipaipo,42.5,8.5,TRUE,Maho Ono,rr,2024 Antalya,Lo Sum Man
Gojushiho Dai,39.5,7.9,TRUE,Helvetia Taily,rr,2024 Antalya,Sadeghi Dastak Fatemeh
Papuren,39.1,7.82,FALSE,Sadeghi Dastak Fatemeh,rr,2024 Antalya,Helvetia Taily
Paiku,39.7,7.94,TRUE,Sakura Alforte,rr,2024 Antalya,Jasmin Juettner
Gojushiho Dai,38.5,7.7,FALSE,Jasmin Juettner,rr,2024 Antalya,Sakura Alforte
Anan Dai,39.7,7.94,FALSE,Sadeghi Dastak Fatemeh,rr,2024 Antalya,Sakura Alforte
Anan Dai,40.8,8.16,TRUE,Sakura Alforte,rr,2024 Antalya,Sadeghi Dastak Fatemeh
Gojushiho Sho,39.6,7.92,TRUE,Helvetia Taily,rr,2024 Antalya,Jasmin Juettner
Suparinpei,38.6,7.72,FALSE,Jasmin Juettner,rr,2024 Antalya,Helvetia Taily
Gankaku,39.5,7.9,FALSE,Helvetia Taily,rr,2024 Antalya,Sakura Alforte
Ohan,40.9,8.18,TRUE,Sakura Alforte,rr,2024 Antalya,Helvetia Taily
Suparinpei,39.9,7.98,TRUE,Sadeghi Dastak Fatemeh,rr,2024 Antalya,Jasmin Juettner
Sansai,39.5,7.9,FALSE,Jasmin Juettner,rr,2024 Antalya,Sadeghi Dastak Fatemeh
Chatanyara,41.4,8.28,TRUE,Kiri Mishima,rr,2024 Antalya,Putri Aprilia Krisda
Papuren,,,FALSE,Putri Aprilia Krisda,rr,2024 Antalya,Kiri Mishima
Suparinpei,41.4,8.28,FALSE,Kiri Mishima,rr,2024 Antalya,Grace Lau
Suparinpei,41.8,8.36,TRUE,Grace Lau,rr,2024 Antalya,Kiri Mishima
Suparinpei,38.9,7.78,FALSE,Putri Aprilia Krisda,rr,2024 Antalya,Grace Lau
Tomari Bassai,41.4,8.28,TRUE,Grace Lau,rr,2024 Antalya,Putri Aprilia Krisda
Oyadomari No Passai,42.3,8.46,TRUE,Saeko Azuma,r1,2024 Antalya,Ana Cruz
Anan,41.1,8.22,FALSE,Ana Cruz,r1,2024 Antalya,Saeko Azuma
Papuren,40.6,8.12,TRUE,Dilara Bozan,r1,2024 Antalya,Sakura Kokumai
Papuren,40,8,FALSE,Sakura Kokumai,r1,2024 Antalya,Dilara Bozan
Suparinpei,41.6,8.32,FALSE,Natsuki Shimizu,r1,2024 Antalya,Maho Ono
Chatanyara,43,8.6,TRUE,Maho Ono,r1,2024 Antalya,Natsuki Shimizu
Anan,39.3,7.86,FALSE,Sakura Alforte,r1,2024 Antalya,Grace Lau
Chibana,41.4,8.28,TRUE,Grace Lau,r1,2024 Antalya,Sakura Alforte
Chibana,42.2,8.44,TRUE,Saeko Azuma,r2,2024 Antalya,Dilara Bozan
Chatanyara,41.4,8.28,FALSE,Dilara Bozan,r2,2024 Antalya,Saeko Azuma
Papuren,42.8,8.56,FALSE,Maho Ono,r2,2024 Antalya,Grace Lau
Papuren,44,8.8,TRUE,Grace Lau,r2,2024 Antalya,Maho Ono
Papuren,43.2,8.64,FALSE,Saeko Azuma,r3,2024 Antalya,Grace Lau
Chatanyara,43.4,8.68,TRUE,Grace Lau,r3,2024 Antalya,Saeko Azuma
Suparinpei,40.7,8.14,FALSE,Ana Cruz,rpc,2024 Antalya,Dilara Bozan
Papuren,41.7,8.34,TRUE,Dilara Bozan,rpc,2024 Antalya,Ana Cruz
Ohan Dai,41.4,8.28,FALSE,Sakura Alforte,rpc,2024 Antalya,Maho Ono
Chatanyara,42.7,8.54,TRUE,Maho Ono,rpc,2024 Antalya,Sakura Alforte
Gojushiho Sho,39.2,7.84,FALSE,Helvetia Taily,rr,2024 Cairo,Nodoka Yamada
Kururunfa,40.6,8.12,TRUE,Nodoka Yamada,rr,2024 Cairo,Helvetia Taily
Gojushiho Dai,39.6,7.92,TRUE,Aya Hesham,rr,2024 Cairo,Carola Casale
Kururunfa,39.6,7.92,FALSE,Carola Casale,rr,2024 Cairo,Aya Hesham
Kousoukun Dai,39.5,7.9,FALSE,Nodoka Yamada,rr,2024 Cairo,Aya Hesham
Gojushiho Sho,39.9,7.98,TRUE,Aya Hesham,rr,2024 Cairo,Nodoka Yamada
Gojushiho Dai,39,7.8,FALSE,Helvetia Taily,rr,2024 Cairo,Carola Casale
Suparinpei,40,8,TRUE,Carola Casale,rr,2024 Cairo,Helvetia Taily
Unsu,39.1,7.82,FALSE,Helvetia Taily,rr,2024 Cairo,Aya Hesham
Unsu,39.5,7.9,TRUE,Aya Hesham,rr,2024 Cairo,Helvetia Taily
Papuren,39.5,7.9,FALSE,Nodoka Yamada,rr,2024 Cairo,Carola Casale
Papuren,40.4,8.08,TRUE,Carola Casale,rr,2024 Cairo,Nodoka Yamada
Papuren,37.6,7.52,FALSE,Athina Tsiakmaki,rr,2024 Cairo,Armada Ruiz Andrea
Ohan Dai,38.8,7.76,TRUE,Armada Ruiz Andrea,rr,2024 Cairo,Athina Tsiakmaki
Papuren,40.5,8.1,TRUE,Maho Ono,rr,2024 Cairo,Sakura Kokumai
Papuren,39.7,7.94,FALSE,Sakura Kokumai,rr,2024 Cairo,Maho Ono
Papuren,39.4,7.88,FALSE,Armada Ruiz Andrea,rr,2024 Cairo,Maho Ono
Nipaipo,41.1,8.22,TRUE,Maho Ono,rr,2024 Cairo,Armada Ruiz Andrea
Chibana,37.8,7.56,FALSE,Athina Tsiakmaki,rr,2024 Cairo,Sakura Kokumai
Kururunfa,39,7.8,TRUE,Sakura Kokumai,rr,2024 Cairo,Athina Tsiakmaki
Anan Dai,38.2,7.64,FALSE,Athina Tsiakmaki,rr,2024 Cairo,Maho Ono
Chibana,41,8.2,TRUE,Maho Ono,rr,2024 Cairo,Athina Tsiakmaki
Chibana,38.6,7.72,FALSE,Armada Ruiz Andrea,rr,2024 Cairo,Sakura Kokumai
Chatanyara,40.3,8.06,TRUE,Sakura Kokumai,rr,2024 Cairo,Armada Ruiz Andrea
Ohan Dai,37.9,7.58,FALSE,Chiara Manca,rr,2024 Cairo,Saeko Azuma
Suparinpei,40.5,8.1,TRUE,Saeko Azuma,rr,2024 Cairo,Chiara Manca
Kururunfa,40.6,8.12,TRUE,Dilara Bozan,rr,2024 Cairo,Tung Yee Yin
Ohan Dai,38.7,7.74,FALSE,Tung Yee Yin,rr,2024 Cairo,Dilara Bozan
Chibana,40.5,8.1,TRUE,Saeko Azuma,rr,2024 Cairo,Dilara Bozan
Chatanyara,40.2,8.04,FALSE,Dilara Bozan,rr,2024 Cairo,Saeko Azuma
Papuren,38.6,7.72,TRUE,Chiara Manca,rr,2024 Cairo,Tung Yee Yin
Suparinpei,38.2,7.64,FALSE,Tung Yee Yin,rr,2024 Cairo,Chiara Manca
Chatanyara,39.2,7.84,FALSE,Chiara Manca,rr,2024 Cairo,Dilara Bozan
Papuren,40.8,8.16,TRUE,Dilara Bozan,rr,2024 Cairo,Chiara Manca
Papuren,41.4,8.28,TRUE,Saeko Azuma,rr,2024 Cairo,Tung Yee Yin
Papuren,39.2,7.84,FALSE,Tung Yee Yin,rr,2024 Cairo,Saeko Azuma
Papuren,39.1,7.82,TRUE,Xenou Georgia Archontia,rr,2024 Cairo,Lo Sum Man
Chibana,38,7.6,FALSE,Lo Sum Man,rr,2024 Cairo,Xenou Georgia Archontia
Suparinpei,38.4,7.68,FALSE,Alexandra Feracci,rr,2024 Cairo,Mirisa Ohuchi
Unsu,39.4,7.88,TRUE,Mirisa Ohuchi,rr,2024 Cairo,Alexandra Feracci
Chatanyara,38.7,7.74,FALSE,Lo Sum Man,rr,2024 Cairo,Alexandra Feracci
Papuren,39.7,7.94,TRUE,Alexandra Feracci,rr,2024 Cairo,Lo Sum Man
Chibana,39.8,7.96,FALSE,Xenou Georgia Archontia,rr,2024 Cairo,Mirisa Ohuchi
Suparinpei,39.8,7.96,TRUE,Mirisa Ohuchi,rr,2024 Cairo,Xenou Georgia Archontia
Chatanyara,39.9,7.98,TRUE,Xenou Georgia Archontia,rr,2024 Cairo,Alexandra Feracci
Chibana,38.7,7.74,FALSE,Alexandra Feracci,rr,2024 Cairo,Xenou Georgia Archontia
Suparinpei,38.7,7.74,FALSE,Lo Sum Man,rr,2024 Cairo,Mirisa Ohuchi
Chibana,40.8,8.16,TRUE,Mirisa Ohuchi,rr,2024 Cairo,Lo Sum Man
Chibana,37.4,7.48,FALSE,Veronika Miskova,rr,2024 Cairo,Jasmin Juettner
Suparinpei,37.7,7.54,TRUE,Jasmin Juettner,rr,2024 Cairo,Veronika Miskova
Unsu,38,7.6,FALSE,Jana Khamis,rr,2024 Cairo,Natsuki Shimizu
Kururunfa,40.3,8.06,TRUE,Natsuki Shimizu,rr,2024 Cairo,Jana Khamis
Gojushiho Dai,38.5,7.7,FALSE,Jasmin Juettner,rr,2024 Cairo,Jana Khamis
Gojushiho Sho,40.1,8.02,TRUE,Jana Khamis,rr,2024 Cairo,Jasmin Juettner
Matsumura Bassai,38.2,7.64,FALSE,Veronika Miskova,rr,2024 Cairo,Natsuki Shimizu
Chatanyara,39.7,7.94,TRUE,Natsuki Shimizu,rr,2024 Cairo,Veronika Miskova
Papuren,38.8,7.76,FALSE,Veronika Miskova,rr,2024 Cairo,Jana Khamis
Gojushiho Dai,39.8,7.96,TRUE,Jana Khamis,rr,2024 Cairo,Veronika Miskova
Gojushiho Sho,39.2,7.84,FALSE,Jasmin Juettner,rr,2024 Cairo,Natsuki Shimizu
Suparinpei,41,8.2,TRUE,Natsuki Shimizu,rr,2024 Cairo,Jasmin Juettner
Kururunfa,38.8,7.76,TRUE,Ana Cruz,rr,2024 Cairo,Wong Sze Man
Papuren,38.7,7.74,FALSE,Wong Sze Man,rr,2024 Cairo,Ana Cruz
Unsu,37.8,7.56,FALSE,Mariam Elezaby,rr,2024 Cairo,Kiri Mishima
Papuren,40.3,8.06,TRUE,Kiri Mishima,rr,2024 Cairo,Mariam Elezaby
Suparinpei,38.5,7.7,FALSE,Wong Sze Man,rr,2024 Cairo,Mariam Elezaby
Gojushiho Dai,38.9,7.78,TRUE,Mariam Elezaby,rr,2024 Cairo,Wong Sze Man
Papuren,39.3,7.86,FALSE,Ana Cruz,rr,2024 Cairo,Kiri Mishima
Chatanyara,41.4,8.28,TRUE,Kiri Mishima,rr,2024 Cairo,Ana Cruz
Ohan Dai,38.8,7.76,FALSE,Ana Cruz,rr,2024 Cairo,Mariam Elezaby
Gojushiho Sho,39.7,7.94,TRUE,Mariam Elezaby,rr,2024 Cairo,Ana Cruz
Kururunfa,38.5,7.7,FALSE,Wong Sze Man,rr,2024 Cairo,Kiri Mishima
Paiku,40.9,8.18,TRUE,Kiri Mishima,rr,2024 Cairo,Wong Sze Man
Gojushiho Dai,38.9,7.78,FALSE,Asmaa Allam,rr,2024 Cairo,Terryana D'Onofrio
Kururunfa,40,8,TRUE,Terryana D'Onofrio,rr,2024 Cairo,Asmaa Allam
Paiku,40.4,8.08,TRUE,Nakaji Hisami,rr,2024 Cairo,Shirley Jay
Suparinpei,37.8,7.56,FALSE,Shirley Jay,rr,2024 Cairo,Nakaji Hisami
Papuren,40.5,8.1,FALSE,Terryana D'Onofrio,rr,2024 Cairo,Nakaji Hisami
Papuren,41.6,8.32,TRUE,Nakaji Hisami,rr,2024 Cairo,Terryana D'Onofrio
Gojushiho Sho,40,8,TRUE,Asmaa Allam,rr,2024 Cairo,Shirley Jay
Chatanyara,37.7,7.54,FALSE,Shirley Jay,rr,2024 Cairo,Asmaa Allam
Unsu,39,7.8,FALSE,Asmaa Allam,rr,2024 Cairo,Nakaji Hisami
Kousoukun Sho,,,TRUE,Nakaji Hisami,rr,2024 Cairo,Asmaa Allam
Oyadomari No Passai,40,8,TRUE,Terryana D'Onofrio,rr,2024 Cairo,Shirley Jay
Anan Dai,38.5,7.7,FALSE,Shirley Jay,rr,2024 Cairo,Terryana D'Onofrio
Anan,39.3,7.86,TRUE,Carolina Amato,rr,2024 Cairo,Aya En-Nesyry
Gojushiho Sho,38.2,7.64,FALSE,Aya En-Nesyry,rr,2024 Cairo,Carolina Amato
Nipaipo,36.1,7.22,FALSE,Jana Vanusanikova,rr,2024 Cairo,Grace Lau
Tomari Bassai,40.8,8.16,TRUE,Grace Lau,rr,2024 Cairo,Jana Vanusanikova
Gankaku,38,7.6,TRUE,Aya En-Nesyry,rr,2024 Cairo,Jana Vanusanikova
Papuren,35.7,7.14,FALSE,Jana Vanusanikova,rr,2024 Cairo,Aya En-Nesyry
Suparinpei,38.3,7.66,FALSE,Carolina Amato,rr,2024 Cairo,Grace Lau
Chibana,39.5,7.9,TRUE,Grace Lau,rr,2024 Cairo,Carolina Amato
Kururunfa,38.9,7.78,TRUE,Carolina Amato,rr,2024 Cairo,Jana Vanusanikova
Ohan Dai,36.3,7.26,FALSE,Jana Vanusanikova,rr,2024 Cairo,Carolina Amato
Unsu,38.4,7.68,FALSE,Aya En-Nesyry,rr,2024 Cairo,Grace Lau
Suparinpei,42.4,8.48,TRUE,Grace Lau,rr,2024 Cairo,Aya En-Nesyry
Kanku Sho,40.8,8.16,FALSE,Aya Hesham,r1,2024 Cairo,Maho Ono
Suparinpei,41.5,8.3,TRUE,Maho Ono,r1,2024 Cairo,Aya Hesham
Oyadomari No Passai,41.8,8.36,TRUE,Saeko Azuma,r1,2024 Cairo,Mirisa Ohuchi
Papuren,40.7,8.14,FALSE,Mirisa Ohuchi,r1,2024 Cairo,Saeko Azuma
Papuren,41.9,8.38,FALSE,Natsuki Shimizu,r1,2024 Cairo,Kiri Mishima
Suparinpei,43.1,8.62,TRUE,Kiri Mishima,r1,2024 Cairo,Natsuki Shimizu
Chibana,42.2,8.44,FALSE,Nakaji Hisami,r1,2024 Cairo,Grace Lau
Papuren,43.9,8.78,TRUE,Grace Lau,r1,2024 Cairo,Nakaji Hisami
Chatanyara,42.6,8.52,TRUE,Maho Ono,r2,2024 Cairo,Saeko Azuma
Chatanyara,42,8.4,FALSE,Saeko Azuma,r2,2024 Cairo,Maho Ono
Chibana,41.6,8.32,TRUE,Kiri Mishima,r2,2024 Cairo,Grace Lau
Chatanyara,41.5,8.3,FALSE,Grace Lau,r2,2024 Cairo,Kiri Mishima
Papuren,42.5,8.5,FALSE,Maho Ono,r3,2024 Cairo,Kiri Mishima
Suparinpei,43,8.6,TRUE,Kiri Mishima,r3,2024 Cairo,Maho Ono
Sochin,41.3,8.26,FALSE,Aya Hesham,rpc,2024 Cairo,Saeko Azuma
Papuren,42.7,8.54,TRUE,Saeko Azuma,rpc,2024 Cairo,Aya Hesham
Kusanku,41.4,8.28,FALSE,Natsuki Shimizu,rpc,2024 Cairo,Grace Lau
Papuren,44.1,8.82,TRUE,Grace Lau,rpc,2024 Cairo,Natsuki Shimizu
Papuren,40.2,8.04,TRUE,Nakaji Hisami,rr,2024 Casablanca,Terryana D'Onofrio
Suparinpei,38.9,7.78,FALSE,Terryana D'Onofrio,rr,2024 Casablanca,Nakaji Hisami
Ohan Dai,37.9,7.58,FALSE,Armada Ruiz Andrea,rr,2024 Casablanca,Putri Aprilia Krisda
Ohan Dai,38.7,7.74,TRUE,Putri Aprilia Krisda,rr,2024 Casablanca,Armada Ruiz Andrea
Anan,38.5,7.7,FALSE,Terryana D'Onofrio,rr,2024 Casablanca,Armada Ruiz Andrea
Papuren,38.5,7.7,TRUE,Armada Ruiz Andrea,rr,2024 Casablanca,Terryana D'Onofrio
Paiku,40.3,8.06,TRUE,Nakaji Hisami,rr,2024 Casablanca,Putri Aprilia Krisda
Suparinpei,38.7,7.74,FALSE,Putri Aprilia Krisda,rr,2024 Casablanca,Nakaji Hisami
Kousoukun Sho,41.3,8.26,TRUE,Nakaji Hisami,rr,2024 Casablanca,Armada Ruiz Andrea
Chibana,37.8,7.56,FALSE,Armada Ruiz Andrea,rr,2024 Casablanca,Nakaji Hisami
Kururunfa,39.4,7.88,FALSE,Terryana D'Onofrio,rr,2024 Casablanca,Putri Aprilia Krisda
Papuren,39.4,7.88,TRUE,Putri Aprilia Krisda,rr,2024 Casablanca,Terryana D'Onofrio
Papuren,39.9,7.98,TRUE,Lo Sum Man,rr,2024 Casablanca,Jasmin Juettner
Gojushiho Dai,39.3,7.86,FALSE,Jasmin Juettner,rr,2024 Casablanca,Lo Sum Man
Chatanyara,39.1,7.82,FALSE,Claudia Laos-Loo,rr,2024 Casablanca,Mirisa Ohuchi
Unsu,40.9,8.18,TRUE,Mirisa Ohuchi,rr,2024 Casablanca,Claudia Laos-Loo
Sansai,39.7,7.94,TRUE,Jasmin Juettner,rr,2024 Casablanca,Claudia Laos-Loo
Suparinpei,39.4,7.88,FALSE,Claudia Laos-Loo,rr,2024 Casablanca,Jasmin Juettner
Suparinpei,40.5,8.1,FALSE,Lo Sum Man,rr,2024 Casablanca,Mirisa Ohuchi
Chibana,41.7,8.34,TRUE,Mirisa Ohuchi,rr,2024 Casablanca,Lo Sum Man
Chatanyara,39.4,7.88,FALSE,Lo Sum Man,rr,2024 Casablanca,Claudia Laos-Loo
Papuren,40.3,8.06,TRUE,Claudia Laos-Loo,rr,2024 Casablanca,Lo Sum Man
Gojushiho Sho,38.4,7.68,FALSE,Jasmin Juettner,rr,2024 Casablanca,Mirisa Ohuchi
Suparinpei,41.2,8.24,TRUE,Mirisa Ohuchi,rr,2024 Casablanca,Jasmin Juettner
Papuren,41.4,8.28,TRUE,Kiri Mishima,rr,2024 Casablanca,Dilara Bozan
Chatanyara,40.3,8.06,FALSE,Dilara Bozan,rr,2024 Casablanca,Kiri Mishima
Unsu,39.2,7.84,TRUE,Helvetia Taily,rr,2024 Casablanca,Morales Ozuna Gema
Chatanyara,38.9,7.78,FALSE,Morales Ozuna Gema,rr,2024 Casablanca,Helvetia Taily
Papuren,40.5,8.1,TRUE,Dilara Bozan,rr,2024 Casablanca,Helvetia Taily
Gojushiho Sho,39.6,7.92,FALSE,Helvetia Taily,rr,2024 Casablanca,Dilara Bozan
Chatanyara,42.3,8.46,TRUE,Kiri Mishima,rr,2024 Casablanca,Morales Ozuna Gema
Chibana,39.2,7.84,FALSE,Morales Ozuna Gema,rr,2024 Casablanca,Kiri Mishima
Paiku,42.8,8.56,TRUE,Kiri Mishima,rr,2024 Casablanca,Helvetia Taily
Gojushiho Dai,39.7,7.94,FALSE,Helvetia Taily,rr,2024 Casablanca,Kiri Mishima
Kururunfa,41.2,8.24,TRUE,Dilara Bozan,rr,2024 Casablanca,Morales Ozuna Gema
Kishimoto,39.5,7.9,FALSE,Morales Ozuna Gema,rr,2024 Casablanca,Dilara Bozan
Papuren,40.6,8.12,FALSE,Wong Sze Man,rr,2024 Casablanca,Nodoka Yamada
Kururunfa,40.9,8.18,TRUE,Nodoka Yamada,rr,2024 Casablanca,Wong Sze Man
Kururunfa,40.4,8.08,FALSE,Wong Sze Man,rr,2024 Casablanca,Sakura Kokumai
Kururunfa,41.2,8.24,TRUE,Sakura Kokumai,rr,2024 Casablanca,Wong Sze Man
Papuren,39.8,7.96,FALSE,Nodoka Yamada,rr,2024 Casablanca,Sakura Kokumai
Papuren,40.7,8.14,TRUE,Sakura Kokumai,rr,2024 Casablanca,Nodoka Yamada
Unsu,38.2,7.64,FALSE,Aya En-Nesyry,rr,2024 Casablanca,Saeko Azuma
Chatanyara,40.2,8.04,TRUE,Saeko Azuma,rr,2024 Casablanca,Aya En-Nesyry
Kururunfa,38.5,7.7,FALSE,Alexandra Feracci,rr,2024 Casablanca,Jana Khamis
Gojushiho Dai,38.6,7.72,TRUE,Jana Khamis,rr,2024 Casablanca,Alexandra Feracci
Suparinpei,41.2,8.24,TRUE,Saeko Azuma,rr,2024 Casablanca,Alexandra Feracci
Papuren,39.1,7.82,FALSE,Alexandra Feracci,rr,2024 Casablanca,Saeko Azuma
Gojushiho Sho,39.2,7.84,TRUE,Aya En-Nesyry,rr,2024 Casablanca,Jana Khamis
Gojushiho Sho,39.1,7.82,FALSE,Jana Khamis,rr,2024 Casablanca,Aya En-Nesyry
Gankaku,39.8,7.96,TRUE,Aya En-Nesyry,rr,2024 Casablanca,Alexandra Feracci
Suparinpei,39.8,7.96,FALSE,Alexandra Feracci,rr,2024 Casablanca,Aya En-Nesyry
Chibana,42,8.4,TRUE,Saeko Azuma,rr,2024 Casablanca,Jana Khamis
Kanku Sho,40,8,FALSE,Jana Khamis,rr,2024 Casablanca,Saeko Azuma
Kururunfa,38.6,7.72,FALSE,Ana Cruz,rr,2024 Casablanca,Chiara Manca
Papuren,38.6,7.72,TRUE,Chiara Manca,rr,2024 Casablanca,Ana Cruz
Chibana,39.7,7.94,FALSE,Carola Casale,rr,2024 Casablanca,Maho Ono
Papuren,41.5,8.3,TRUE,Maho Ono,rr,2024 Casablanca,Carola Casale
Chatanyara,40,8,FALSE,Chiara Manca,rr,2024 Casablanca,Carola Casale
Papuren,41.2,8.24,TRUE,Carola Casale,rr,2024 Casablanca,Chiara Manca
Suparinpei,39.3,7.86,FALSE,Ana Cruz,rr,2024 Casablanca,Maho Ono
Suparinpei,41.8,8.36,TRUE,Maho Ono,rr,2024 Casablanca,Ana Cruz
Papuren,40.5,8.1,FALSE,Ana Cruz,rr,2024 Casablanca,Carola Casale
Oyadomari No Passai,40.8,8.16,TRUE,Carola Casale,rr,2024 Casablanca,Ana Cruz
Suparinpei,38.9,7.78,FALSE,Chiara Manca,rr,2024 Casablanca,Maho Ono
Nipaipo,41.5,8.3,TRUE,Maho Ono,rr,2024 Casablanca,Chiara Manca
,37.9,7.58,TRUE,Tung Yee Yin,rr,2024 Casablanca,Carolina Amato
Anan,37,7.4,FALSE,Carolina Amato,rr,2024 Casablanca,Tung Yee Yin
Suparinpei,36.4,7.28,FALSE,Shirley Jay,rr,2024 Casablanca,Xenou Georgia Archontia
Anan Dai,38.3,7.66,TRUE,Xenou Georgia Archontia,rr,2024 Casablanca,Shirley Jay
Kururunfa,38.8,7.76,TRUE,Carolina Amato,rr,2024 Casablanca,Shirley Jay
Chibana,38.2,7.64,FALSE,Shirley Jay,rr,2024 Casablanca,Carolina Amato
Papuren,39.1,7.82,TRUE,Tung Yee Yin,rr,2024 Casablanca,Xenou Georgia Archontia
Papuren,38.8,7.76,FALSE,Xenou Georgia Archontia,rr,2024 Casablanca,Tung Yee Yin
Suparinpei,39.2,7.84,TRUE,Tung Yee Yin,rr,2024 Casablanca,Shirley Jay
Chatanyara,37.2,7.44,FALSE,Shirley Jay,rr,2024 Casablanca,Tung Yee Yin
Suparinpei,38.8,7.76,FALSE,Carolina Amato,rr,2024 Casablanca,Xenou Georgia Archontia
Chibana,39.9,7.98,TRUE,Xenou Georgia Archontia,rr,2024 Casablanca,Carolina Amato
Kururunfa,41.1,8.22,TRUE,Natsuki Shimizu,rr,2024 Casablanca,Sakura Alforte
Anan Dai,38.6,7.72,FALSE,Sakura Alforte,rr,2024 Casablanca,Natsuki Shimizu
Papuren,40.6,8.12,FALSE,Natsuki Shimizu,rr,2024 Casablanca,Grace Lau
Suparinpei,41.6,8.32,TRUE,Grace Lau,rr,2024 Casablanca,Natsuki Shimizu
Ohan Dai,39.1,7.82,FALSE,Sakura Alforte,rr,2024 Casablanca,Grace Lau
Tomari Bassai,40.4,8.08,TRUE,Grace Lau,rr,2024 Casablanca,Sakura Alforte
Chibana,41.2,8.24,FALSE,Nakaji Hisami,r1,2024 Casablanca,Mirisa Ohuchi
Chatanyara,41.7,8.34,TRUE,Mirisa Ohuchi,r1,2024 Casablanca,Nakaji Hisami
Suparinpei,42.7,8.54,TRUE,Kiri Mishima,r1,2024 Casablanca,Sakura Kokumai
Chibana,40.8,8.16,FALSE,Sakura Kokumai,r1,2024 Casablanca,Kiri Mishima
Papuren,42.3,8.46,FALSE,Saeko Azuma,r1,2024 Casablanca,Maho Ono
Chatanyara,42.8,8.56,TRUE,Maho Ono,r1,2024 Casablanca,Saeko Azuma
Paiku,40.1,8.02,FALSE,Tung Yee Yin,r1,2024 Casablanca,Grace Lau
Chibana,42,8.4,TRUE,Grace Lau,r1,2024 Casablanca,Tung Yee Yin
Papuren,42.3,8.46,TRUE,Mirisa Ohuchi,r2,2024 Casablanca,Kiri Mishima
Chibana,42.3,8.46,FALSE,Kiri Mishima,r2,2024 Casablanca,Mirisa Ohuchi
Chibana,43.2,8.64,TRUE,Maho Ono,r2,2024 Casablanca,Grace Lau
Papuren,42.6,8.52,FALSE,Grace Lau,r2,2024 Casablanca,Maho Ono
Chatanyara,42.7,8.54,FALSE,Mirisa Ohuchi,r3,2024 Casablanca,Maho Ono
Chatanyara,43.7,8.74,TRUE,Maho Ono,r3,2024 Casablanca,Mirisa Ohuchi
Chatanyara,43.1,8.62,FALSE,Nakaji Hisami,rpc,2024 Casablanca,Kiri Mishima
Suparinpei,44.8,8.96,TRUE,Kiri Mishima,rpc,2024 Casablanca,Nakaji Hisami
Oyadomari No Passai,42.6,8.52,FALSE,Saeko Azuma,rpc,2024 Casablanca,Grace Lau
Chatanyara,43.2,8.64,TRUE,Grace Lau,rpc,2024 Casablanca,Saeko Azuma
Kusanku,41,8.2,TRUE,Natsuki Shimizu,rr,2025 Paris,Armada Ruiz Andrea
Chibana,39.5,7.9,FALSE,Armada Ruiz Andrea,rr,2025 Paris,Natsuki Shimizu
Anan Dai,39.5,7.9,TRUE,Xenou Georgia Archontia,rr,2025 Paris,Carolina Amato
Papuren,38.9,7.78,FALSE,Carolina Amato,rr,2025 Paris,Xenou Georgia Archontia
Ohan Dai,38.3,7.66,FALSE,Armada Ruiz Andrea,rr,2025 Paris,Xenou Georgia Archontia
Chatanyara,39.7,7.94,TRUE,Xenou Georgia Archontia,rr,2025 Paris,Armada Ruiz Andrea
Papuren,41.4,8.28,TRUE,Natsuki Shimizu,rr,2025 Paris,Carolina Amato
Chatanyara,37.9,7.58,FALSE,Carolina Amato,rr,2025 Paris,Natsuki Shimizu
Kururunfa,41.4,8.28,TRUE,Natsuki Shimizu,rr,2025 Paris,Xenou Georgia Archontia
Papuren,39.2,7.84,FALSE,Xenou Georgia Archontia,rr,2025 Paris,Natsuki Shimizu
Papuren,38.6,7.72,TRUE,Armada Ruiz Andrea,rr,2025 Paris,Carolina Amato
Suparinpei,38.2,7.64,FALSE,Carolina Amato,rr,2025 Paris,Armada Ruiz Andrea
Suparinpei,40.2,8.04,TRUE,Carola Casale,rr,2025 Paris,Aya Hesham
Gojushiho Sho,39.3,7.86,FALSE,Aya Hesham,rr,2025 Paris,Carola Casale
Anan Dai,39.5,7.9,FALSE,Sadeghi Dastak Fatemeh,rr,2025 Paris,Kiri Mishima
Papuren,41.5,8.3,TRUE,Kiri Mishima,rr,2025 Paris,Sadeghi Dastak Fatemeh
Gojushiho Dai,40.3,8.06,FALSE,Aya Hesham,rr,2025 Paris,Sadeghi Dastak Fatemeh
Suparinpei,41.4,8.28,TRUE,Sadeghi Dastak Fatemeh,rr,2025 Paris,Aya Hesham
Papuren,39.4,7.88,FALSE,Carola Casale,rr,2025 Paris,Kiri Mishima
Paiku,42,8.4,TRUE,Kiri Mishima,rr,2025 Paris,Carola Casale
Chatanyara,39.8,7.96,FALSE,Carola Casale,rr,2025 Paris,Sadeghi Dastak Fatemeh
Papuren,39.8,7.96,TRUE,Sadeghi Dastak Fatemeh,rr,2025 Paris,Carola Casale
Kanku Sho,38.8,7.76,FALSE,Aya Hesham,rr,2025 Paris,Kiri Mishima
Chatanyara,42,8.4,TRUE,Kiri Mishima,rr,2025 Paris,Aya Hesham
Kururunfa,39,7.8,FALSE,Sakura Alforte,rr,2025 Paris,Ana Cruz
Anan Dai,39.8,7.96,TRUE,Ana Cruz,rr,2025 Paris,Sakura Alforte
Chibana,38.5,7.7,FALSE,Kao Kitaguchi,rr,2025 Paris,Garcia Lozano Paola
Papuren,39.9,7.98,TRUE,Garcia Lozano Paola,rr,2025 Paris,Kao Kitaguchi
Chatanyara,38.3,7.66,FALSE,Ana Cruz,rr,2025 Paris,Kao Kitaguchi
Papuren,38.3,7.66,TRUE,Kao Kitaguchi,rr,2025 Paris,Ana Cruz
Ohan Dai,37.9,7.58,FALSE,Sakura Alforte,rr,2025 Paris,Garcia Lozano Paola
Chibana,39.1,7.82,TRUE,Garcia Lozano Paola,rr,2025 Paris,Sakura Alforte
Anan Dai,39.4,7.88,TRUE,Sakura Alforte,rr,2025 Paris,Kao Kitaguchi
Chatanyara,38.7,7.74,FALSE,Kao Kitaguchi,rr,2025 Paris,Sakura Alforte
Papuren,39.1,7.82,FALSE,Ana Cruz,rr,2025 Paris,Garcia Lozano Paola
Suparinpei,40.6,8.12,TRUE,Garcia Lozano Paola,rr,2025 Paris,Ana Cruz
Chibana,38.3,7.66,TRUE,Zapata Machado Valentina,rr,2025 Paris,Helvetia Taily
Gojushiho Dai,37.7,7.54,FALSE,Helvetia Taily,rr,2025 Paris,Zapata Machado Valentina
Anan,38.6,7.72,FALSE,Colak Keyda Nur,rr,2025 Paris,Maho Ono
Nipaipo,41.8,8.36,TRUE,Maho Ono,rr,2025 Paris,Colak Keyda Nur
Gojushiho Sho,39.2,7.84,TRUE,Helvetia Taily,rr,2025 Paris,Colak Keyda Nur
Chatanyara,38.8,7.76,FALSE,Colak Keyda Nur,rr,2025 Paris,Helvetia Taily
Chatanyara,39.8,7.96,FALSE,Zapata Machado Valentina,rr,2025 Paris,Maho Ono
Papuren,42.6,8.52,TRUE,Maho Ono,rr,2025 Paris,Zapata Machado Valentina
Papuren,40.5,8.1,TRUE,Zapata Machado Valentina,rr,2025 Paris,Colak Keyda Nur
Papuren,38.8,7.76,FALSE,Colak Keyda Nur,rr,2025 Paris,Zapata Machado Valentina
Gankaku,40.2,8.04,FALSE,Helvetia Taily,rr,2025 Paris,Maho Ono
Suparinpei,42.7,8.54,TRUE,Maho Ono,rr,2025 Paris,Helvetia Taily
Papuren,40.6,8.12,TRUE,Terryana D'Onofrio,rr,2025 Paris,Mahsa Afsaneh
Chibana,38.5,7.7,FALSE,Mahsa Afsaneh,rr,2025 Paris,Terryana D'Onofrio
Suparinpei,41.4,8.28,TRUE,Saeko Azuma,rr,2025 Paris,Natacha Fernandes
Chatanyara,38.6,7.72,FALSE,Natacha Fernandes,rr,2025 Paris,Saeko Azuma
Kishimoto,39.5,7.9,FALSE,Mahsa Afsaneh,rr,2025 Paris,Saeko Azuma
Oyadomari No Passai,41.5,8.3,TRUE,Saeko Azuma,rr,2025 Paris,Mahsa Afsaneh
Suparinpei,41.3,8.26,TRUE,Terryana D'Onofrio,rr,2025 Paris,Natacha Fernandes
Suparinpei,39.3,7.86,FALSE,Natacha Fernandes,rr,2025 Paris,Terryana D'Onofrio
Chibana,40.6,8.12,FALSE,Terryana D'Onofrio,rr,2025 Paris,Saeko Azuma
Chibana,42,8.4,TRUE,Saeko Azuma,rr,2025 Paris,Terryana D'Onofrio
Chatanyara,39.4,7.88,FALSE,Mahsa Afsaneh,rr,2025 Paris,Natacha Fernandes
Papuren,40,8,TRUE,Natacha Fernandes,rr,2025 Paris,Mahsa Afsaneh
Unsu,38.3,7.66,FALSE,Narimene Dahleb,rr,2025 Paris,Dilara Bozan
Kururunfa,39.9,7.98,TRUE,Dilara Bozan,rr,2025 Paris,Narimene Dahleb
Chatanyara,39,7.8,FALSE,Chiara Manca,rr,2025 Paris,Sakura Kokumai
Kururunfa,40.7,8.14,TRUE,Sakura Kokumai,rr,2025 Paris,Chiara Manca
Anan Dai,39.6,7.92,TRUE,Dilara Bozan,rr,2025 Paris,Chiara Manca
Papuren,38.2,7.64,FALSE,Chiara Manca,rr,2025 Paris,Dilara Bozan
Gojushiho Dai,38.8,7.76,FALSE,Narimene Dahleb,rr,2025 Paris,Sakura Kokumai
Chibana,40.5,8.1,TRUE,Sakura Kokumai,rr,2025 Paris,Narimene Dahleb
Gankaku,37.4,7.48,FALSE,Narimene Dahleb,rr,2025 Paris,Chiara Manca
Ohan Dai,39.6,7.92,TRUE,Chiara Manca,rr,2025 Paris,Narimene Dahleb
Papuren,40.3,8.06,FALSE,Dilara Bozan,rr,2025 Paris,Sakura Kokumai
Papuren,40.8,8.16,TRUE,Sakura Kokumai,rr,2025 Paris,Dilara Bozan
Gankaku,38.1,7.62,FALSE,Aya En-Nesyry,rr,2025 Paris,Nakaji Hisami
Papuren,40.6,8.12,TRUE,Nakaji Hisami,rr,2025 Paris,Aya En-Nesyry
Anan,39.1,7.82,FALSE,Chien Hui Hsuan,rr,2025 Paris,Veronika Miskova
Papuren,39.4,7.88,TRUE,Veronika Miskova,rr,2025 Paris,Chien Hui Hsuan
Kousoukun Sho,39.7,7.94,TRUE,Nakaji Hisami,rr,2025 Paris,Chien Hui Hsuan
Ohan Dai,39.2,7.84,FALSE,Chien Hui Hsuan,rr,2025 Paris,Nakaji Hisami
Gojushiho Dai,38.6,7.72,FALSE,Aya En-Nesyry,rr,2025 Paris,Veronika Miskova
Suparinpei,40.1,8.02,TRUE,Veronika Miskova,rr,2025 Paris,Aya En-Nesyry
Gojushiho Sho,38.8,7.76,FALSE,Aya En-Nesyry,rr,2025 Paris,Chien Hui Hsuan
Ohan,39.3,7.86,TRUE,Chien Hui Hsuan,rr,2025 Paris,Aya En-Nesyry
Kyan No Chinto,38.4,7.68,FALSE,Nakaji Hisami,rr,2025 Paris,Veronika Miskova
Matsumura Bassai,39.5,7.9,TRUE,Veronika Miskova,rr,2025 Paris,Nakaji Hisami
Kururunfa,38.5,7.7,TRUE,Rita Marques,rr,2025 Paris,Claudia Laos-Loo
Papuren,37.5,7.5,FALSE,Claudia Laos-Loo,rr,2025 Paris,Rita Marques
Gojushiho Sho,38.5,7.7,FALSE,Jasmin Juettner,rr,2025 Paris,Grace Lau
Papuren,40,8,TRUE,Grace Lau,rr,2025 Paris,Jasmin Juettner
Oyadomari No Passai,37.9,7.58,FALSE,Claudia Laos-Loo,rr,2025 Paris,Jasmin Juettner
Suparinpei,39.7,7.94,TRUE,Jasmin Juettner,rr,2025 Paris,Claudia Laos-Loo
Suparinpei,38.5,7.7,FALSE,Rita Marques,rr,2025 Paris,Grace Lau
Tomari Bassai,40.7,8.14,TRUE,Grace Lau,rr,2025 Paris,Rita Marques
Ohan Dai,37.8,7.56,FALSE,Rita Marques,rr,2025 Paris,Jasmin Juettner
Sansai,40.5,8.1,TRUE,Jasmin Juettner,rr,2025 Paris,Rita Marques
Suparinpei,38,7.6,FALSE,Claudia Laos-Loo,rr,2025 Paris,Grace Lau
Chibana,41,8.2,TRUE,Grace Lau,rr,2025 Paris,Claudia Laos-Loo
Suparinpei,41.8,8.36,FALSE,Natsuki Shimizu,r1,2025 Paris,Kiri Mishima
Chibana,42.1,8.42,TRUE,Kiri Mishima,r1,2025 Paris,Natsuki Shimizu
Kururunfa,41.4,8.28,FALSE,Garcia Lozano Paola,r1,2025 Paris,Maho Ono
Chibana,43.2,8.64,TRUE,Maho Ono,r1,2025 Paris,Garcia Lozano Paola
Papuren,42,8.4,TRUE,Saeko Azuma,r1,2025 Paris,Sakura Kokumai
Chatanyara,40.3,8.06,FALSE,Sakura Kokumai,r1,2025 Paris,Saeko Azuma
Chibana,40.2,8.04,FALSE,Veronika Miskova,r1,2025 Paris,Grace Lau
Chatanyara,41.2,8.24,TRUE,Grace Lau,r1,2025 Paris,Veronika Miskova
Suparinpei,42.4,8.48,FALSE,Kiri Mishima,r2,2025 Paris,Maho Ono
Chatanyara,43.9,8.78,TRUE,Maho Ono,r2,2025 Paris,Kiri Mishima
Chatanyara,42.2,8.44,FALSE,Saeko Azuma,r2,2025 Paris,Grace Lau
Suparinpei,42.4,8.48,TRUE,Grace Lau,r2,2025 Paris,Saeko Azuma
Chibana,44.4,8.88,TRUE,Maho Ono,r3,2025 Paris,Grace Lau
Papuren,42.9,8.58,FALSE,Grace Lau,r3,2025 Paris,Maho Ono
Chatanyara,41.2,8.24,FALSE,Garcia Lozano Paola,rpc,2025 Paris,Kiri Mishima
Chibana,42.9,8.58,TRUE,Kiri Mishima,rpc,2025 Paris,Garcia Lozano Paola
Chatanyara,40.7,8.14,FALSE,Veronika Miskova,rpc,2025 Paris,Saeko Azuma
Papuren,43.4,8.68,TRUE,Saeko Azuma,rpc,2025 Paris,Veronika Miskova
Papuren,39.9,7.98,TRUE,Natsuki Shimizu,rr,2025 Hangzhou,Dilara Bozan
Papuren,38.9,7.78,FALSE,Dilara Bozan,rr,2025 Hangzhou,Natsuki Shimizu
Anan Dai,38.8,7.76,TRUE,Sakura Alforte,rr,2025 Hangzhou,Natacha Fernandes
Papuren,38.7,7.74,FALSE,Natacha Fernandes,rr,2025 Hangzhou,Sakura Alforte
Nipaipo,38.3,7.66,FALSE,Dilara Bozan,rr,2025 Hangzhou,Sakura Alforte
Ohan Dai,40.2,8.04,TRUE,Sakura Alforte,rr,2025 Hangzhou,Dilara Bozan
Shisochin,39.9,7.98,TRUE,Natsuki Shimizu,rr,2025 Hangzhou,Natacha Fernandes
Suparinpei,37.8,7.56,FALSE,Natacha Fernandes,rr,2025 Hangzhou,Natsuki Shimizu
Kururunfa,40.3,8.06,TRUE,Natsuki Shimizu,rr,2025 Hangzhou,Sakura Alforte
Anan,39.6,7.92,FALSE,Sakura Alforte,rr,2025 Hangzhou,Natsuki Shimizu
Kururunfa,39.9,7.98,TRUE,Dilara Bozan,rr,2025 Hangzhou,Natacha Fernandes
Chatanyara,38.9,7.78,FALSE,Natacha Fernandes,rr,2025 Hangzhou,Dilara Bozan
Gankaku,39.1,7.82,TRUE,Helvetia Taily,rr,2025 Hangzhou,Zapata Machado Valentina
Chibana,38.2,7.64,FALSE,Zapata Machado Valentina,rr,2025 Hangzhou,Helvetia Taily
Papuren,38.8,7.76,FALSE,Ana Cruz,rr,2025 Hangzhou,Kiri Mishima
Papuren,41.4,8.28,TRUE,Kiri Mishima,rr,2025 Hangzhou,Ana Cruz
Papuren,38.5,7.7,FALSE,Zapata Machado Valentina,rr,2025 Hangzhou,Ana Cruz
Anan Dai,39.7,7.94,TRUE,Ana Cruz,rr,2025 Hangzhou,Zapata Machado Valentina
Unsu,39.1,7.82,FALSE,Helvetia Taily,rr,2025 Hangzhou,Kiri Mishima
Paiku,41.6,8.32,TRUE,Kiri Mishima,rr,2025 Hangzhou,Helvetia Taily
Gojushiho Sho,39.4,7.88,FALSE,Helvetia Taily,rr,2025 Hangzhou,Ana Cruz
Chatanyara,39.5,7.9,TRUE,Ana Cruz,rr,2025 Hangzhou,Helvetia Taily
Chatanyara,39.9,7.98,FALSE,Zapata Machado Valentina,rr,2025 Hangzhou,Kiri Mishima
Chibana,41.4,8.28,TRUE,Kiri Mishima,rr,2025 Hangzhou,Zapata Machado Valentina
Chibana,37.7,7.54,FALSE,Rimas Assi,rr,2025 Hangzhou,Nakaji Hisami
Papuren,39.9,7.98,TRUE,Nakaji Hisami,rr,2025 Hangzhou,Rimas Assi
Tomari Bassai,38.9,7.78,FALSE,Wong Sze Man,rr,2025 Hangzhou,Veronika Miskova
Papuren,39.7,7.94,TRUE,Veronika Miskova,rr,2025 Hangzhou,Wong Sze Man
Kousoukun Sho,39,7.8,FALSE,Nakaji Hisami,rr,2025 Hangzhou,Wong Sze Man
Papuren,39.8,7.96,TRUE,Wong Sze Man,rr,2025 Hangzhou,Nakaji Hisami
Suparinpei,37.6,7.52,FALSE,Rimas Assi,rr,2025 Hangzhou,Veronika Miskova
Matsumura Bassai,38.8,7.76,TRUE,Veronika Miskova,rr,2025 Hangzhou,Rimas Assi
Papuren,37.9,7.58,FALSE,Rimas Assi,rr,2025 Hangzhou,Wong Sze Man
Kururunfa,39.7,7.94,TRUE,Wong Sze Man,rr,2025 Hangzhou,Rimas Assi
Paiku,39.3,7.86,FALSE,Nakaji Hisami,rr,2025 Hangzhou,Veronika Miskova
Suparinpei,39.4,7.88,TRUE,Veronika Miskova,rr,2025 Hangzhou,Nakaji Hisami
Papuren,38.8,7.76,TRUE,Chiara Manca,rr,2025 Hangzhou,Putri Aprilia Krisda
Papuren,37.8,7.56,FALSE,Putri Aprilia Krisda,rr,2025 Hangzhou,Chiara Manca
Chatanyara,39.2,7.84,FALSE,Chiara Manca,rr,2025 Hangzhou,Maho Ono
Nipaipo,41.5,8.3,TRUE,Maho Ono,rr,2025 Hangzhou,Chiara Manca
Ohan Dai,38.2,7.64,FALSE,Putri Aprilia Krisda,rr,2025 Hangzhou,Maho Ono
Suparinpei,40.6,8.12,TRUE,Maho Ono,rr,2025 Hangzhou,Putri Aprilia Krisda
Chibana,40.2,8.04,TRUE,Saeko Azuma,rr,2025 Hangzhou,Carola Casale
Papuren,39.8,7.96,FALSE,Carola Casale,rr,2025 Hangzhou,Saeko Azuma
Ohan Dai,37.9,7.58,FALSE,Tung Yee Yin,rr,2025 Hangzhou,Aya En-Nesyry
Gojushiho Dai,39.1,7.82,TRUE,Aya En-Nesyry,rr,2025 Hangzhou,Tung Yee Yin
Suparinpei,39.8,7.96,TRUE,Carola Casale,rr,2025 Hangzhou,Tung Yee Yin
Papuren,38.3,7.66,FALSE,Tung Yee Yin,rr,2025 Hangzhou,Carola Casale
Oyadomari No Passai,40.9,8.18,TRUE,Saeko Azuma,rr,2025 Hangzhou,Aya En-Nesyry
Gojushiho Sho,39.1,7.82,FALSE,Aya En-Nesyry,rr,2025 Hangzhou,Saeko Azuma
Suparinpei,40.9,8.18,TRUE,Saeko Azuma,rr,2025 Hangzhou,Tung Yee Yin
Paiku,38.7,7.74,FALSE,Tung Yee Yin,rr,2025 Hangzhou,Saeko Azuma
Kururunfa,40.2,8.04,FALSE,Carola Casale,rr,2025 Hangzhou,Aya En-Nesyry
Gankaku,40.8,8.16,TRUE,Aya En-Nesyry,rr,2025 Hangzhou,Carola Casale
Papuren,38.9,7.78,FALSE,Garcia Lozano Paola,rr,2025 Hangzhou,Kao Kitaguchi
Papuren,39.8,7.96,TRUE,Kao Kitaguchi,rr,2025 Hangzhou,Garcia Lozano Paola
Chibana,39.5,7.9,FALSE,Terryana D'Onofrio,rr,2025 Hangzhou,Sakura Kokumai
Chatanyara,39.6,7.92,TRUE,Sakura Kokumai,rr,2025 Hangzhou,Terryana D'Onofrio
Chibana,39.6,7.92,FALSE,Kao Kitaguchi,rr,2025 Hangzhou,Terryana D'Onofrio
Chatanyara,40.9,8.18,TRUE,Terryana D'Onofrio,rr,2025 Hangzhou,Kao Kitaguchi
Suparinpei,41,8.2,TRUE,Garcia Lozano Paola,rr,2025 Hangzhou,Sakura Kokumai
Papuren,40.3,8.06,FALSE,Sakura Kokumai,rr,2025 Hangzhou,Garcia Lozano Paola
Chatanyara,40.9,8.18,FALSE,Garcia Lozano Paola,rr,2025 Hangzhou,Terryana D'Onofrio
Suparinpei,41.2,8.24,TRUE,Terryana D'Onofrio,rr,2025 Hangzhou,Garcia Lozano Paola
Chatanyara,40.5,8.1,TRUE,Kao Kitaguchi,rr,2025 Hangzhou,Sakura Kokumai
Chibana,40.3,8.06,FALSE,Sakura Kokumai,rr,2025 Hangzhou,Kao Kitaguchi
Kururunfa,38.9,7.78,TRUE,Rita Marques,rr,2025 Hangzhou,Lanyfer Minano
Ohan Dai,37.7,7.54,FALSE,Lanyfer Minano,rr,2025 Hangzhou,Rita Marques
Chatanyara,38.3,7.66,FALSE,Xenou Georgia Archontia,rr,2025 Hangzhou,Sadeghi Dastak Fatemeh
Anan Dai,39.9,7.98,TRUE,Sadeghi Dastak Fatemeh,rr,2025 Hangzhou,Xenou Georgia Archontia
Papuren,38.7,7.74,FALSE,Lanyfer Minano,rr,2025 Hangzhou,Xenou Georgia Archontia
Papuren,40.3,8.06,TRUE,Xenou Georgia Archontia,rr,2025 Hangzhou,Lanyfer Minano
Ohan Dai,40.2,8.04,FALSE,Rita Marques,rr,2025 Hangzhou,Sadeghi Dastak Fatemeh
Suparinpei,41.4,8.28,TRUE,Sadeghi Dastak Fatemeh,rr,2025 Hangzhou,Rita Marques
Suparinpei,39.7,7.94,FALSE,Rita Marques,rr,2025 Hangzhou,Xenou Georgia Archontia
Anan Dai,40.4,8.08,TRUE,Xenou Georgia Archontia,rr,2025 Hangzhou,Rita Marques
Suparinpei,39.1,7.82,FALSE,Lanyfer Minano,rr,2025 Hangzhou,Sadeghi Dastak Fatemeh
Chibana,41,8.2,TRUE,Sadeghi Dastak Fatemeh,rr,2025 Hangzhou,Lanyfer Minano
Suparinpei,38.4,7.68,FALSE,Jasmin Juettner,rr,2025 Hangzhou,Mahsa Afsaneh
Kishimoto,40.1,8.02,TRUE,Mahsa Afsaneh,rr,2025 Hangzhou,Jasmin Juettner
Gojushiho Sho,39.8,7.96,FALSE,Jasmin Juettner,rr,2025 Hangzhou,Grace Lau
Tomari Bassai,42,8.4,TRUE,Grace Lau,rr,2025 Hangzhou,Jasmin Juettner
Anan Dai,40.6,8.12,FALSE,Mahsa Afsaneh,rr,2025 Hangzhou,Grace Lau
Chibana,41.9,8.38,TRUE,Grace Lau,rr,2025 Hangzhou,Mahsa Afsaneh
Suparinpei,40.6,8.12,FALSE,Natsuki Shimizu,r1,2025 Hangzhou,Kiri Mishima
Suparinpei,41.1,8.22,TRUE,Kiri Mishima,r1,2025 Hangzhou,Natsuki Shimizu
Chatanyara,40.7,8.14,FALSE,Veronika Miskova,r1,2025 Hangzhou,Maho Ono
Papuren,42.7,8.54,TRUE,Maho Ono,r1,2025 Hangzhou,Veronika Miskova
Chatanyara,41.4,8.28,TRUE,Saeko Azuma,r1,2025 Hangzhou,Terryana D'Onofrio
Papuren,40.9,8.18,FALSE,Terryana D'Onofrio,r1,2025 Hangzhou,Saeko Azuma
Papuren,41.6,8.32,FALSE,Sadeghi Dastak Fatemeh,r1,2025 Hangzhou,Grace Lau
Suparinpei,43.3,8.66,TRUE,Grace Lau,r1,2025 Hangzhou,Sadeghi Dastak Fatemeh
Chatanyara,42.1,8.42,FALSE,Kiri Mishima,r2,2025 Hangzhou,Maho Ono
Chatanyara,42.9,8.58,TRUE,Maho Ono,r2,2025 Hangzhou,Kiri Mishima
Papuren,42.6,8.52,FALSE,Saeko Azuma,r2,2025 Hangzhou,Grace Lau
Papuren,43.7,8.74,TRUE,Grace Lau,r2,2025 Hangzhou,Saeko Azuma
Chibana,42.6,8.52,FALSE,Maho Ono,r3,2025 Hangzhou,Grace Lau
Chatanyara,43.4,8.68,TRUE,Grace Lau,r3,2025 Hangzhou,Maho Ono
Chibana,41.3,8.26,FALSE,Veronika Miskova,rpc,2025 Hangzhou,Kiri Mishima
Chibana,41.7,8.34,TRUE,Kiri Mishima,rpc,2025 Hangzhou,Veronika Miskova
Chatanyara,40.8,8.16,FALSE,Sadeghi Dastak Fatemeh,rpc,2025 Hangzhou,Saeko Azuma
Chatanyara,42.5,8.5,TRUE,Saeko Azuma,rpc,2025 Hangzhou,Sadeghi Dastak Fatemeh
Gojushiho Dai,38.7,7.74,TRUE,Helvetia Taily,rr,2025 Cairo,Rita Siebert
Ohan Dai,38.3,7.66,FALSE,Rita Siebert,rr,2025 Cairo,Helvetia Taily
Gojushiho Sho,38.8,7.76,FALSE,Asmaa Allam,rr,2025 Cairo,Rita Marques
Anan Dai,38.9,7.78,TRUE,Rita Marques,rr,2025 Cairo,Asmaa Allam
Papuren,38.3,7.66,FALSE,Rita Siebert,rr,2025 Cairo,Asmaa Allam
Gojushiho Dai,39.9,7.98,TRUE,Asmaa Allam,rr,2025 Cairo,Rita Siebert
Gojushiho Sho,38.9,7.78,FALSE,Helvetia Taily,rr,2025 Cairo,Rita Marques
Suparinpei,39.8,7.96,TRUE,Rita Marques,rr,2025 Cairo,Helvetia Taily
Gankaku,38.2,7.64,FALSE,Helvetia Taily,rr,2025 Cairo,Asmaa Allam
Kanku Sho,39.2,7.84,TRUE,Asmaa Allam,rr,2025 Cairo,Helvetia Taily
Chatanyara,38.3,7.66,FALSE,Rita Siebert,rr,2025 Cairo,Rita Marques
Ohan Dai,39.6,7.92,TRUE,Rita Marques,rr,2025 Cairo,Rita Siebert
Gojushiho,,,FALSE,Narimene Dahleb,rr,2025 Cairo,Habiba Mousa
Gojushiho Dai,38.8,7.76,TRUE,Habiba Mousa,rr,2025 Cairo,Narimene Dahleb
Unsu,38.2,7.64,FALSE,Turemen Damla Su,rr,2025 Cairo,Kiri Mishima
Papuren,40.6,8.12,TRUE,Kiri Mishima,rr,2025 Cairo,Turemen Damla Su
Gojushiho Sho,39.5,7.9,TRUE,Habiba Mousa,rr,2025 Cairo,Turemen Damla Su
Gojushiho Sho,38.2,7.64,FALSE,Turemen Damla Su,rr,2025 Cairo,Habiba Mousa
Gankaku,38.2,7.64,FALSE,Narimene Dahleb,rr,2025 Cairo,Kiri Mishima
Paiku,39.6,7.92,TRUE,Kiri Mishima,rr,2025 Cairo,Narimene Dahleb
Gojushiho Dai,38.4,7.68,FALSE,Narimene Dahleb,rr,2025 Cairo,Turemen Damla Su
Gojushiho Dai,39.1,7.82,TRUE,Turemen Damla Su,rr,2025 Cairo,Narimene Dahleb
Unsu,38.6,7.72,FALSE,Habiba Mousa,rr,2025 Cairo,Kiri Mishima
Chibana,40.5,8.1,TRUE,Kiri Mishima,rr,2025 Cairo,Habiba Mousa
Suparinpei,38.1,7.62,FALSE,Mai-Linh Bui,rr,2025 Cairo,Jana Khamis
Gojushiho Dai,39.7,7.94,TRUE,Jana Khamis,rr,2025 Cairo,Mai-Linh Bui
Gojushiho Dai,38.8,7.76,FALSE,Aya En-Nesyry,rr,2025 Cairo,Lo Sum Man
Papuren,39.7,7.94,TRUE,Lo Sum Man,rr,2025 Cairo,Aya En-Nesyry
Kanku Sho,38.6,7.72,TRUE,Jana Khamis,rr,2025 Cairo,Aya En-Nesyry
Gankaku,38.5,7.7,FALSE,Aya En-Nesyry,rr,2025 Cairo,Jana Khamis
Gojushiho Dai,39.2,7.84,FALSE,Mai-Linh Bui,rr,2025 Cairo,Lo Sum Man
Chibana,40,8,TRUE,Lo Sum Man,rr,2025 Cairo,Mai-Linh Bui
Gojushiho Sho,38.4,7.68,TRUE,Mai-Linh Bui,rr,2025 Cairo,Aya En-Nesyry
Gojushiho Sho,38.3,7.66,FALSE,Aya En-Nesyry,rr,2025 Cairo,Mai-Linh Bui
Gojushiho Sho,39.7,7.94,TRUE,Jana Khamis,rr,2025 Cairo,Lo Sum Man
Chatanyara,39.2,7.84,FALSE,Lo Sum Man,rr,2025 Cairo,Jana Khamis
Gojushiho Sho,38.8,7.76,TRUE,Jasmin Juettner,rr,2025 Cairo,Lila Ritz
Papuren,37.5,7.5,FALSE,Lila Ritz,rr,2025 Cairo,Jasmin Juettner
Sansai,39.9,7.98,FALSE,Jasmin Juettner,rr,2025 Cairo,Maho Ono
Papuren,41.9,8.38,TRUE,Maho Ono,rr,2025 Cairo,Jasmin Juettner
Chibana,38.2,7.64,FALSE,Lila Ritz,rr,2025 Cairo,Maho Ono
Nipaipo,41.7,8.34,TRUE,Maho Ono,rr,2025 Cairo,Lila Ritz
Paiku,39.1,7.82,TRUE,Nakaji Hisami,rr,2025 Cairo,Mariam Elezaby
Kanku Sho,37.9,7.58,FALSE,Mariam Elezaby,rr,2025 Cairo,Nakaji Hisami
Anan Dai,37.9,7.58,FALSE,Tamara Lehner,rr,2025 Cairo,Carola Casale
Suparinpei,39.5,7.9,TRUE,Carola Casale,rr,2025 Cairo,Tamara Lehner
Gojushiho Sho,39.2,7.84,TRUE,Mariam Elezaby,rr,2025 Cairo,Tamara Lehner
Papuren,38.7,7.74,FALSE,Tamara Lehner,rr,2025 Cairo,Mariam Elezaby
Chatanyara,41,8.2,TRUE,Nakaji Hisami,rr,2025 Cairo,Carola Casale
Papuren,40.5,8.1,FALSE,Carola Casale,rr,2025 Cairo,Nakaji Hisami
Kousoukun Sho,40.3,8.06,TRUE,Nakaji Hisami,rr,2025 Cairo,Tamara Lehner
Ohan Dai,38.1,7.62,FALSE,Tamara Lehner,rr,2025 Cairo,Nakaji Hisami
Gojushiho Dai,38.1,7.62,FALSE,Mariam Elezaby,rr,2025 Cairo,Carola Casale
Chibana,39.6,7.92,TRUE,Carola Casale,rr,2025 Cairo,Mariam Elezaby
Suparinpei,38.5,7.7,TRUE,Garcia Lozano Paola,rr,2025 Cairo,Ana Cruz
Anan Dai,37.3,7.46,FALSE,Ana Cruz,rr,2025 Cairo,Garcia Lozano Paola
Papuren,37.4,7.48,FALSE,Rimas Assi,rr,2025 Cairo,Dilara Bozan
Kururunfa,38.7,7.74,TRUE,Dilara Bozan,rr,2025 Cairo,Rimas Assi
Chatanyara,37.7,7.54,TRUE,Ana Cruz,rr,2025 Cairo,Rimas Assi
Suparinpei,37.1,7.42,FALSE,Rimas Assi,rr,2025 Cairo,Ana Cruz
Papuren,40.4,8.08,TRUE,Garcia Lozano Paola,rr,2025 Cairo,Dilara Bozan
Papuren,38.6,7.72,FALSE,Dilara Bozan,rr,2025 Cairo,Garcia Lozano Paola
Kururunfa,41.3,8.26,TRUE,Garcia Lozano Paola,rr,2025 Cairo,Rimas Assi
Kururunfa,38.7,7.74,FALSE,Rimas Assi,rr,2025 Cairo,Garcia Lozano Paola
Papuren,37.8,7.56,FALSE,Ana Cruz,rr,2025 Cairo,Dilara Bozan
Ohan Dai,39.1,7.82,TRUE,Dilara Bozan,rr,2025 Cairo,Ana Cruz
Anan Dai,38.2,7.64,TRUE,Xenou Georgia Archontia,rr,2025 Cairo,Aya Hesham
Gojushiho Sho,37.4,7.48,FALSE,Aya Hesham,rr,2025 Cairo,Xenou Georgia Archontia
Papuren,39.3,7.86,TRUE,Natsuki Shimizu,rr,2025 Cairo,Terryana D'Onofrio
Suparinpei,38.7,7.74,FALSE,Terryana D'Onofrio,rr,2025 Cairo,Natsuki Shimizu
Kanku Sho,37.7,7.54,FALSE,Aya Hesham,rr,2025 Cairo,Natsuki Shimizu
Kururunfa,39.5,7.9,TRUE,Natsuki Shimizu,rr,2025 Cairo,Aya Hesham
Papuren,38.1,7.62,FALSE,Xenou Georgia Archontia,rr,2025 Cairo,Terryana D'Onofrio
Chatanyara,38.5,7.7,TRUE,Terryana D'Onofrio,rr,2025 Cairo,Xenou Georgia Archontia
Chibana,38.2,7.64,FALSE,Xenou Georgia Archontia,rr,2025 Cairo,Natsuki Shimizu
Shisochin,39.6,7.92,TRUE,Natsuki Shimizu,rr,2025 Cairo,Xenou Georgia Archontia
Gojushiho Dai,38,7.6,FALSE,Aya Hesham,rr,2025 Cairo,Terryana D'Onofrio
Papuren,39.6,7.92,TRUE,Terryana D'Onofrio,rr,2025 Cairo,Aya Hesham
Tomari Bassai,37.3,7.46,TRUE,Sakura Alforte,rr,2025 Cairo,Carolina Amato
Papuren,37.3,7.46,FALSE,Carolina Amato,rr,2025 Cairo,Sakura Alforte
Ohan Dai,38.9,7.78,FALSE,Sakura Alforte,rr,2025 Cairo,Grace Lau
Chibana,41.1,8.22,TRUE,Grace Lau,rr,2025 Cairo,Sakura Alforte
Chatanyara,37.4,7.48,FALSE,Carolina Amato,rr,2025 Cairo,Grace Lau
Tomari Bassai,40.4,8.08,TRUE,Grace Lau,rr,2025 Cairo,Carolina Amato
Kururunfa,41.4,8.28,TRUE,Rita Marques,r1,2025 Cairo,Kiri Mishima
Suparinpei,40.9,8.18,FALSE,Kiri Mishima,r1,2025 Cairo,Rita Marques
Enpi,40.4,8.08,FALSE,Jana Khamis,r1,2025 Cairo,Maho Ono
Suparinpei,41.8,8.36,TRUE,Maho Ono,r1,2025 Cairo,Jana Khamis
Chibana,40.8,8.16,FALSE,Nakaji Hisami,r1,2025 Cairo,Garcia Lozano Paola
Chatanyara,40.9,8.18,TRUE,Garcia Lozano Paola,r1,2025 Cairo,Nakaji Hisami
Kusanku,40,8,FALSE,Natsuki Shimizu,r1,2025 Cairo,Grace Lau
Suparinpei,41.7,8.34,TRUE,Grace Lau,r1,2025 Cairo,Natsuki Shimizu
Anan,40,8,FALSE,Rita Marques,r2,2025 Cairo,Maho Ono
Chibana,42.3,8.46,TRUE,Maho Ono,r2,2025 Cairo,Rita Marques
Chibana,40.8,8.16,FALSE,Garcia Lozano Paola,r2,2025 Cairo,Grace Lau
Papuren,42.2,8.44,TRUE,Grace Lau,r2,2025 Cairo,Garcia Lozano Paola
Chatanyara,43.9,8.78,FALSE,Maho Ono,r3,2025 Cairo,Grace Lau
Chatanyara,44.4,8.88,TRUE,Grace Lau,r3,2025 Cairo,Maho Ono
Unsu,41.2,8.24,FALSE,Jana Khamis,rpc,2025 Cairo,Rita Marques
Suparinpei,42.8,8.56,TRUE,Rita Marques,rpc,2025 Cairo,Jana Khamis
Suparinpei,42,8.4,FALSE,Natsuki Shimizu,rpc,2025 Cairo,Garcia Lozano Paola
Chatanyara,42,8.4,TRUE,Garcia Lozano Paola,rpc,2025 Cairo,Natsuki Shimizu
Papuren,38.4,7.68,FALSE,Lo Sum Man,rr,2025 Rabat,Xenou Georgia Archontia
Papuren,38.7,7.74,TRUE,Xenou Georgia Archontia,rr,2025 Rabat,Lo Sum Man
Unsu,38.5,7.7,FALSE,Helvetia Taily,rr,2025 Rabat,Terryana D'Onofrio
Papuren,40.1,8.02,TRUE,Terryana D'Onofrio,rr,2025 Rabat,Helvetia Taily
Anan Dai,40,8,TRUE,Xenou Georgia Archontia,rr,2025 Rabat,Helvetia Taily
Gojushiho Dai,39.1,7.82,FALSE,Helvetia Taily,rr,2025 Rabat,Xenou Georgia Archontia
Chibana,38.3,7.66,FALSE,Lo Sum Man,rr,2025 Rabat,Terryana D'Onofrio
Kururunfa,40.5,8.1,TRUE,Terryana D'Onofrio,rr,2025 Rabat,Lo Sum Man
Chatanyara,38.7,7.74,FALSE,Lo Sum Man,rr,2025 Rabat,Helvetia Taily
Gojushiho Sho,39.7,7.94,TRUE,Helvetia Taily,rr,2025 Rabat,Lo Sum Man
Chatanyara,40.7,8.14,FALSE,Xenou Georgia Archontia,rr,2025 Rabat,Terryana D'Onofrio
Oyadomari No Passai,41.2,8.24,TRUE,Terryana D'Onofrio,rr,2025 Rabat,Xenou Georgia Archontia
Chatanyara,38.1,7.62,TRUE,Rita Siebert,rr,2025 Rabat,Ninon Vaucelle-Spelle
Gojushiho Dai,37.3,7.46,FALSE,Ninon Vaucelle-Spelle,rr,2025 Rabat,Rita Siebert
Papuren,39.1,7.82,FALSE,Rita Siebert,rr,2025 Rabat,Kiri Mishima
Paiku,41.6,8.32,TRUE,Kiri Mishima,rr,2025 Rabat,Rita Siebert
Gojushiho Sho,38.4,7.68,FALSE,Ninon Vaucelle-Spelle,rr,2025 Rabat,Kiri Mishima
Papuren,40.9,8.18,TRUE,Kiri Mishima,rr,2025 Rabat,Ninon Vaucelle-Spelle
Gojushiho Sho,38.7,7.74,TRUE,Aya Hesham,rr,2025 Rabat,Sakura Alforte
Ohan,37.9,7.58,FALSE,Sakura Alforte,rr,2025 Rabat,Aya Hesham
Chatanyara,38.9,7.78,FALSE,Nakaji Hisami,rr,2025 Rabat,Carola Casale
Suparinpei,39.8,7.96,TRUE,Carola Casale,rr,2025 Rabat,Nakaji Hisami
Anan,39.3,7.86,FALSE,Sakura Alforte,rr,2025 Rabat,Nakaji Hisami
Papuren,41.1,8.22,TRUE,Nakaji Hisami,rr,2025 Rabat,Sakura Alforte
Gojushiho Dai,40.2,8.04,TRUE,Aya Hesham,rr,2025 Rabat,Carola Casale
Papuren,39.8,7.96,FALSE,Carola Casale,rr,2025 Rabat,Aya Hesham
Unsu,39.6,7.92,TRUE,Aya Hesham,rr,2025 Rabat,Nakaji Hisami
Paiku,39.3,7.86,FALSE,Nakaji Hisami,rr,2025 Rabat,Aya Hesham
Ohan Dai,39,7.8,FALSE,Sakura Alforte,rr,2025 Rabat,Carola Casale
Kururunfa,40.3,8.06,TRUE,Carola Casale,rr,2025 Rabat,Sakura Alforte
Suparinpei,39.8,7.96,TRUE,Garcia Lozano Paola,rr,2025 Rabat,Jasmin Juettner
Sansai,38.4,7.68,FALSE,Jasmin Juettner,rr,2025 Rabat,Garcia Lozano Paola
Chatanyara,39.8,7.96,FALSE,Garcia Lozano Paola,rr,2025 Rabat,Maho Ono
Papuren,41,8.2,TRUE,Maho Ono,rr,2025 Rabat,Garcia Lozano Paola
Unsu,38.4,7.68,FALSE,Jasmin Juettner,rr,2025 Rabat,Maho Ono
Nipaipo,40.8,8.16,TRUE,Maho Ono,rr,2025 Rabat,Jasmin Juettner
Gojushiho Dai,38.9,7.78,TRUE,Jana Khamis,rr,2025 Rabat,Miriam Ederar
Ohan Dai,37.6,7.52,FALSE,Miriam Ederar,rr,2025 Rabat,Jana Khamis
Papuren,39.8,7.96,TRUE,Ana Cruz,rr,2025 Rabat,Natsuki Shimizu
Kururunfa,39.6,7.92,FALSE,Natsuki Shimizu,rr,2025 Rabat,Ana Cruz
Papuren,38.6,7.72,FALSE,Miriam Ederar,rr,2025 Rabat,Ana Cruz
Anan,40.2,8.04,TRUE,Ana Cruz,rr,2025 Rabat,Miriam Ederar
Gojushiho Sho,39.6,7.92,TRUE,Jana Khamis,rr,2025 Rabat,Natsuki Shimizu
Papuren,39,7.8,FALSE,Natsuki Shimizu,rr,2025 Rabat,Jana Khamis
Unsu,39.1,7.82,FALSE,Jana Khamis,rr,2025 Rabat,Ana Cruz
Anan Dai,40.9,8.18,TRUE,Ana Cruz,rr,2025 Rabat,Jana Khamis
Suparinpei,38.6,7.72,FALSE,Miriam Ederar,rr,2025 Rabat,Natsuki Shimizu
Suparinpei,38.9,7.78,TRUE,Natsuki Shimizu,rr,2025 Rabat,Miriam Ederar
Anan Dai,38.6,7.72,TRUE,Rita Marques,rr,2025 Rabat,Alexandra Feracci
Suparinpei,38.4,7.68,FALSE,Alexandra Feracci,rr,2025 Rabat,Rita Marques
Chibana,40,8,FALSE,Saeko Azuma,rr,2025 Rabat,Sakura Kokumai
Papuren,40.2,8.04,TRUE,Sakura Kokumai,rr,2025 Rabat,Saeko Azuma
Papuren,38.5,7.7,FALSE,Alexandra Feracci,rr,2025 Rabat,Saeko Azuma
Suparinpei,40.3,8.06,TRUE,Saeko Azuma,rr,2025 Rabat,Alexandra Feracci
Suparinpei,39.9,7.98,FALSE,Rita Marques,rr,2025 Rabat,Sakura Kokumai
Chibana,40.9,8.18,TRUE,Sakura Kokumai,rr,2025 Rabat,Rita Marques
Kururunfa,39.6,7.92,FALSE,Rita Marques,rr,2025 Rabat,Saeko Azuma
Oyadomari No Passai,41,8.2,TRUE,Saeko Azuma,rr,2025 Rabat,Rita Marques
Chatanyara,38.5,7.7,FALSE,Alexandra Feracci,rr,2025 Rabat,Sakura Kokumai
Kururunfa,40.7,8.14,TRUE,Sakura Kokumai,rr,2025 Rabat,Alexandra Feracci
Papuren,38.4,7.68,TRUE,Zapata Machado Valentina,rr,2025 Rabat,Carolina Amato
Kururunfa,37.8,7.56,FALSE,Carolina Amato,rr,2025 Rabat,Zapata Machado Valentina
Gankaku,38.7,7.74,TRUE,Aya En-Nesyry,rr,2025 Rabat,Wong Sze Man
Papuren,37.6,7.52,FALSE,Wong Sze Man,rr,2025 Rabat,Aya En-Nesyry
Anan,38.1,7.62,FALSE,Carolina Amato,rr,2025 Rabat,Aya En-Nesyry
Gojushiho Sho,40.1,8.02,TRUE,Aya En-Nesyry,rr,2025 Rabat,Carolina Amato
Chibana,39.2,7.84,TRUE,Zapata Machado Valentina,rr,2025 Rabat,Wong Sze Man
Papuren,38.1,7.62,FALSE,Wong Sze Man,rr,2025 Rabat,Zapata Machado Valentina
Chatanyara,38.8,7.76,FALSE,Zapata Machado Valentina,rr,2025 Rabat,Aya En-Nesyry
Gojushiho Dai,39.6,7.92,TRUE,Aya En-Nesyry,rr,2025 Rabat,Zapata Machado Valentina
Papuren,37.7,7.54,FALSE,Carolina Amato,rr,2025 Rabat,Wong Sze Man
Tomari Bassai,38.2,7.64,TRUE,Wong Sze Man,rr,2025 Rabat,Carolina Amato
Papuren,38.5,7.7,FALSE,Tamara Lehner,rr,2025 Rabat,Mai-Linh Bui
Gojushiho Dai,39.1,7.82,TRUE,Mai-Linh Bui,rr,2025 Rabat,Tamara Lehner
Chibana,37.8,7.56,FALSE,Tamara Lehner,rr,2025 Rabat,Grace Lau
Chibana,41.1,8.22,TRUE,Grace Lau,rr,2025 Rabat,Tamara Lehner
Gojushiho Sho,38.7,7.74,FALSE,Mai-Linh Bui,rr,2025 Rabat,Grace Lau
Tomari Bassai,40.4,8.08,TRUE,Grace Lau,rr,2025 Rabat,Mai-Linh Bui
Suparinpei,41.6,8.32,TRUE,Terryana D'Onofrio,r1,2025 Rabat,Kiri Mishima
Chibana,41.4,8.28,FALSE,Kiri Mishima,r1,2025 Rabat,Terryana D'Onofrio
Sochin,40.4,8.08,FALSE,Aya Hesham,r1,2025 Rabat,Maho Ono
Suparinpei,42.4,8.48,TRUE,Maho Ono,r1,2025 Rabat,Aya Hesham
Chatanyara,40.9,8.18,FALSE,Ana Cruz,r1,2025 Rabat,Sakura Kokumai
Chatanyara,41.3,8.26,TRUE,Sakura Kokumai,r1,2025 Rabat,Ana Cruz
Kanku Sho,40.4,8.08,FALSE,Aya En-Nesyry,r1,2025 Rabat,Grace Lau
Suparinpei,41.8,8.36,TRUE,Grace Lau,r1,2025 Rabat,Aya En-Nesyry
Chibana,41,8.2,FALSE,Terryana D'Onofrio,r2,2025 Rabat,Maho Ono
Chibana,42.6,8.52,TRUE,Maho Ono,r2,2025 Rabat,Terryana D'Onofrio
Suparinpei,41.6,8.32,FALSE,Sakura Kokumai,r2,2025 Rabat,Grace Lau
Papuren,42,8.4,TRUE,Grace Lau,r2,2025 Rabat,Sakura Kokumai
Chatanyara,43.6,8.72,FALSE,Maho Ono,r3,2025 Rabat,Grace Lau
Chatanyara,43.9,8.78,TRUE,Grace Lau,r3,2025 Rabat,Maho Ono
Kanku Sho,40.4,8.08,FALSE,Aya Hesham,rpc,2025 Rabat,Terryana D'Onofrio
Suparinpei,41.9,8.38,TRUE,Terryana D'Onofrio,rpc,2025 Rabat,Aya Hesham
Unsu,41.2,8.24,TRUE,Aya En-Nesyry,rpc,2025 Rabat,Sakura Kokumai
Papuren,41.1,8.22,FALSE,Sakura Kokumai,rpc,2025 Rabat,Aya En-Nesyry
Kururunfa,39.8,7.96,TRUE,Garcia Lozano Paola,rr,2025 Worlds,Anicha Romba
Papuren,31,6.2,FALSE,Anicha Romba,rr,2025 Worlds,Garcia Lozano Paola
Chibana,38.7,7.74,FALSE,Diana Oligino,rr,2025 Worlds,Yiwei Tao
Chibana,39.8,7.96,TRUE,Yiwei Tao,rr,2025 Worlds,Diana Oligino
Unsu,,,FALSE,Anicha Romba,rr,2025 Worlds,Diana Oligino
Kishimoto,40.1,8.02,TRUE,Diana Oligino,rr,2025 Worlds,Anicha Romba
Suparinpei,41.4,8.28,TRUE,Garcia Lozano Paola,rr,2025 Worlds,Yiwei Tao
Papuren,40.3,8.06,FALSE,Yiwei Tao,rr,2025 Worlds,Garcia Lozano Paola
Chibana,42,8.4,TRUE,Garcia Lozano Paola,rr,2025 Worlds,Diana Oligino
Suparinpei,40,8,FALSE,Diana Oligino,rr,2025 Worlds,Garcia Lozano Paola
Kousoukun Sho,31.9,6.38,FALSE,Anicha Romba,rr,2025 Worlds,Yiwei Tao
Kururunfa,38.4,7.68,TRUE,Yiwei Tao,rr,2025 Worlds,Anicha Romba
Anan Dai,38.6,7.72,TRUE,Leong Wai Yee Shannon,rr,2025 Worlds,Claudia Laos-Loo
Papuren,38.5,7.7,FALSE,Claudia Laos-Loo,rr,2025 Worlds,Leong Wai Yee Shannon
Kururunfa,38.8,7.76,FALSE,Veronika Miskova,rr,2025 Worlds,Terryana D'Onofrio
Kururunfa,40.7,8.14,TRUE,Terryana D'Onofrio,rr,2025 Worlds,Veronika Miskova
Chatanyara,38.7,7.74,FALSE,Claudia Laos-Loo,rr,2025 Worlds,Veronika Miskova
Papuren,39.2,7.84,TRUE,Veronika Miskova,rr,2025 Worlds,Claudia Laos-Loo
Suparinpei,38.5,7.7,FALSE,Leong Wai Yee Shannon,rr,2025 Worlds,Terryana D'Onofrio
Chibana,41,8.2,TRUE,Terryana D'Onofrio,rr,2025 Worlds,Leong Wai Yee Shannon
Ohan Dai,39.1,7.82,TRUE,Leong Wai Yee Shannon,rr,2025 Worlds,Veronika Miskova
Matsumura Bassai,37.8,7.56,FALSE,Veronika Miskova,rr,2025 Worlds,Leong Wai Yee Shannon
Suparinpei,38.6,7.72,FALSE,Claudia Laos-Loo,rr,2025 Worlds,Terryana D'Onofrio
Chatanyara,39.9,7.98,TRUE,Terryana D'Onofrio,rr,2025 Worlds,Claudia Laos-Loo
Paiku,39,7.8,TRUE,Sakura Alforte,rr,2025 Worlds,Holly Wigg
Kishimoto,36.6,7.32,FALSE,Holly Wigg,rr,2025 Worlds,Sakura Alforte
Chibana,36.9,7.38,FALSE,Quiroz Castillo Yaneth,rr,2025 Worlds,Chiara Manca
Papuren,39,7.8,TRUE,Chiara Manca,rr,2025 Worlds,Quiroz Castillo Yaneth
Chatanyara,37.2,7.44,FALSE,Holly Wigg,rr,2025 Worlds,Quiroz Castillo Yaneth
Papuren,37.6,7.52,TRUE,Quiroz Castillo Yaneth,rr,2025 Worlds,Holly Wigg
Ohan Dai,38.9,7.78,TRUE,Sakura Alforte,rr,2025 Worlds,Chiara Manca
Suparinpei,38.3,7.66,FALSE,Chiara Manca,rr,2025 Worlds,Sakura Alforte
Chibana,39.6,7.92,TRUE,Sakura Alforte,rr,2025 Worlds,Quiroz Castillo Yaneth
Chatanyara,36.8,7.36,FALSE,Quiroz Castillo Yaneth,rr,2025 Worlds,Sakura Alforte
Papuren,36.5,7.3,FALSE,Holly Wigg,rr,2025 Worlds,Chiara Manca
Tomari Bassai,38.7,7.74,TRUE,Chiara Manca,rr,2025 Worlds,Holly Wigg
Gojushiho Dai,38.6,7.72,FALSE,Narimene Dahleb,rr,2025 Worlds,Xenou Georgia Archontia
Anan Dai,38.9,7.78,TRUE,Xenou Georgia Archontia,rr,2025 Worlds,Narimene Dahleb
Matsumura Bassai,37.9,7.58,FALSE,Mia Karlsson,rr,2025 Worlds,Maho Ono
Nipaipo,41,8.2,TRUE,Maho Ono,rr,2025 Worlds,Mia Karlsson
Chibana,39.1,7.82,TRUE,Xenou Georgia Archontia,rr,2025 Worlds,Mia Karlsson
Kururunfa,37,7.4,FALSE,Mia Karlsson,rr,2025 Worlds,Xenou Georgia Archontia
Gankaku,38.4,7.68,FALSE,Narimene Dahleb,rr,2025 Worlds,Maho Ono
Suparinpei,40.9,8.18,TRUE,Maho Ono,rr,2025 Worlds,Narimene Dahleb
Unsu,39,7.8,TRUE,Narimene Dahleb,rr,2025 Worlds,Mia Karlsson
Papuren,37.9,7.58,FALSE,Mia Karlsson,rr,2025 Worlds,Narimene Dahleb
Kururunfa,39.6,7.92,FALSE,Xenou Georgia Archontia,rr,2025 Worlds,Maho Ono
Chatanyara,41.3,8.26,TRUE,Maho Ono,rr,2025 Worlds,Xenou Georgia Archontia
Kanku Sho,38.4,7.68,TRUE,Aya En-Nesyry,rr,2025 Worlds,Sofia Fialkova
Chibana,37.2,7.44,FALSE,Sofia Fialkova,rr,2025 Worlds,Aya En-Nesyry
Papuren,37.6,7.52,FALSE,Stephanie Dimovska,rr,2025 Worlds,Sadeghi Dastak Fatemeh
Suparinpei,39.3,7.86,TRUE,Sadeghi Dastak Fatemeh,rr,2025 Worlds,Stephanie Dimovska
Papuren,38,7.6,TRUE,Sofia Fialkova,rr,2025 Worlds,Stephanie Dimovska
Suparinpei,37.9,7.58,FALSE,Stephanie Dimovska,rr,2025 Worlds,Sofia Fialkova
Gojushiho Dai,38.2,7.64,FALSE,Aya En-Nesyry,rr,2025 Worlds,Sadeghi Dastak Fatemeh
Chibana,39.5,7.9,TRUE,Sadeghi Dastak Fatemeh,rr,2025 Worlds,Aya En-Nesyry
Gojushiho Sho,38.3,7.66,TRUE,Aya En-Nesyry,rr,2025 Worlds,Stephanie Dimovska
Chatanyara,36.8,7.36,FALSE,Stephanie Dimovska,rr,2025 Worlds,Aya En-Nesyry
Anan Dai,37.5,7.5,FALSE,Sofia Fialkova,rr,2025 Worlds,Sadeghi Dastak Fatemeh
Anan Dai,39.2,7.84,TRUE,Sadeghi Dastak Fatemeh,rr,2025 Worlds,Sofia Fialkova
Sansai,38.1,7.62,FALSE,Jasmin Bleul,rr,2025 Worlds,Gabrielle Henrique
Papuren,39.7,7.94,TRUE,Gabrielle Henrique,rr,2025 Worlds,Jasmin Bleul
Papuren,38.8,7.76,FALSE,Dilara Bozan,rr,2025 Worlds,Sakura Kokumai
Papuren,39.1,7.82,TRUE,Sakura Kokumai,rr,2025 Worlds,Dilara Bozan
Chibana,38.6,7.72,TRUE,Gabrielle Henrique,rr,2025 Worlds,Dilara Bozan
Kururunfa,38.2,7.64,FALSE,Dilara Bozan,rr,2025 Worlds,Gabrielle Henrique
Gojushiho Sho,38.3,7.66,FALSE,Jasmin Bleul,rr,2025 Worlds,Sakura Kokumai
Chibana,38.9,7.78,TRUE,Sakura Kokumai,rr,2025 Worlds,Jasmin Bleul
Gojushiho Dai,39,7.8,TRUE,Jasmin Bleul,rr,2025 Worlds,Dilara Bozan
Anan Dai,38.2,7.64,FALSE,Dilara Bozan,rr,2025 Worlds,Jasmin Bleul
Chatanyara,39.9,7.98,TRUE,Gabrielle Henrique,rr,2025 Worlds,Sakura Kokumai
Kururunfa,39.4,7.88,FALSE,Sakura Kokumai,rr,2025 Worlds,Gabrielle Henrique
Suparinpei,38.8,7.76,TRUE,Zapata Machado Valentina,rr,2025 Worlds,Thing Sanu Maya
Papuren,36.1,7.22,FALSE,Thing Sanu Maya,rr,2025 Worlds,Zapata Machado Valentina
Gojushiho Dai,39.2,7.84,TRUE,Aya Hesham,rr,2025 Worlds,Helvetia Taily
Unsu,38,7.6,FALSE,Helvetia Taily,rr,2025 Worlds,Aya Hesham
Chatanyara,35.5,7.1,FALSE,Thing Sanu Maya,rr,2025 Worlds,Aya Hesham
Kanku Sho,39.4,7.88,TRUE,Aya Hesham,rr,2025 Worlds,Thing Sanu Maya
Chatanyara,39.1,7.82,FALSE,Zapata Machado Valentina,rr,2025 Worlds,Helvetia Taily
Gojushiho Dai,39.4,7.88,TRUE,Helvetia Taily,rr,2025 Worlds,Zapata Machado Valentina
Chibana,39,7.8,FALSE,Zapata Machado Valentina,rr,2025 Worlds,Aya Hesham
Unsu,39.9,7.98,TRUE,Aya Hesham,rr,2025 Worlds,Zapata Machado Valentina
Anan Dai,36.8,7.36,FALSE,Thing Sanu Maya,rr,2025 Worlds,Helvetia Taily
Kanku Sho,39.5,7.9,TRUE,Helvetia Taily,rr,2025 Worlds,Thing Sanu Maya
Anan Dai,38.3,7.66,FALSE,Lovelly Anne Robberth,rr,2025 Worlds,Ana Cruz
Anan Dai,40,8,TRUE,Ana Cruz,rr,2025 Worlds,Lovelly Anne Robberth
Anan,37.1,7.42,FALSE,Lovelly Anne Robberth,rr,2025 Worlds,Grace Lau
Unsu,40.9,8.18,TRUE,Grace Lau,rr,2025 Worlds,Lovelly Anne Robberth
Kururunfa,39.4,7.88,FALSE,Ana Cruz,rr,2025 Worlds,Grace Lau
Tomari Bassai,41.2,8.24,TRUE,Grace Lau,rr,2025 Worlds,Ana Cruz
Papuren,41.2,8.24,TRUE,Ana Cruz,r1,2025 Worlds,Garcia Lozano Paola
Papuren,40.6,8.12,FALSE,Garcia Lozano Paola,r1,2025 Worlds,Ana Cruz
Gankaku,39.2,7.84,FALSE,Helvetia Taily,r1,2025 Worlds,Terryana D'Onofrio
Papuren,41.4,8.28,TRUE,Terryana D'Onofrio,r1,2025 Worlds,Helvetia Taily
Chatanyara,39.9,7.98,TRUE,Sakura Kokumai,r1,2025 Worlds,Sakura Alforte
Anan Dai,38.9,7.78,FALSE,Sakura Alforte,r1,2025 Worlds,Sakura Kokumai
Gankaku,39.3,7.86,FALSE,Aya En-Nesyry,r1,2025 Worlds,Maho Ono
Chibana,41.4,8.28,TRUE,Maho Ono,r1,2025 Worlds,Aya En-Nesyry
Chatanyara,40.4,8.08,TRUE,Xenou Georgia Archontia,r1,2025 Worlds,Sadeghi Dastak Fatemeh
Chatanyara,40,8,FALSE,Sadeghi Dastak Fatemeh,r1,2025 Worlds,Xenou Georgia Archontia
Chatanyara,39.8,7.96,TRUE,Chiara Manca,r1,2025 Worlds,Gabrielle Henrique
Suparinpei,38.6,7.72,FALSE,Gabrielle Henrique,r1,2025 Worlds,Chiara Manca
Anan,38.4,7.68,FALSE,Leong Wai Yee Shannon,r1,2025 Worlds,Aya Hesham
Gojushiho Sho,40.2,8.04,TRUE,Aya Hesham,r1,2025 Worlds,Leong Wai Yee Shannon
Anan Dai,39.4,7.88,FALSE,Yiwei Tao,r1,2025 Worlds,Grace Lau
Suparinpei,41.9,8.38,TRUE,Grace Lau,r1,2025 Worlds,Yiwei Tao
Chatanyara,41.7,8.34,FALSE,Ana Cruz,r2,2025 Worlds,Terryana D'Onofrio
Suparinpei,42.1,8.42,TRUE,Terryana D'Onofrio,r2,2025 Worlds,Ana Cruz
Anan,41,8.2,FALSE,Sakura Kokumai,r2,2025 Worlds,Maho Ono
Papuren,42.6,8.52,TRUE,Maho Ono,r2,2025 Worlds,Sakura Kokumai
Papuren,40.7,8.14,TRUE,Xenou Georgia Archontia,r2,2025 Worlds,Chiara Manca
Ohan Dai,40,8,FALSE,Chiara Manca,r2,2025 Worlds,Xenou Georgia Archontia
Sochin,40.6,8.12,FALSE,Aya Hesham,r2,2025 Worlds,Grace Lau
Chibana,42.2,8.44,TRUE,Grace Lau,r2,2025 Worlds,Aya Hesham
Papuren,41.5,8.3,FALSE,Terryana D'Onofrio,r3,2025 Worlds,Maho Ono
Chatanyara,42.5,8.5,TRUE,Maho Ono,r3,2025 Worlds,Terryana D'Onofrio
Anan Dai,41.5,8.3,FALSE,Xenou Georgia Archontia,r3,2025 Worlds,Grace Lau
Papuren,43.6,8.72,TRUE,Grace Lau,r3,2025 Worlds,Xenou Georgia Archontia
Chibana,43.3,8.66,FALSE,Maho Ono,r4,2025 Worlds,Grace Lau
Chatanyara,46.1,9.22,TRUE,Grace Lau,r4,2025 Worlds,Maho Ono
Suparinpei,42.1,8.42,FALSE,Sakura Kokumai,rpc,2025 Worlds,Terryana D'Onofrio
Suparinpei,42.4,8.48,TRUE,Terryana D'Onofrio,rpc,2025 Worlds,Sakura Kokumai
Gojushiho Dai,42.6,8.52,TRUE,Aya Hesham,rpc,2025 Worlds,Xenou Georgia Archontia
Chatanyara,41.8,8.36,FALSE,Xenou Georgia Archontia,rpc,2025 Worlds,Aya Hesham